{"type":"FeatureCollection", "features": [
{"type":"Feature","geometry":{"type":"Polygon","coordinates":[[[-97.140869,25.972317],[-93.667773,29.763882],[-84.205555,30.105691],[-81.533755,30.849445],[-76.343264,34.881936],[-76.239436,37.373464],[-70.1725,43.780545],[-67.206546,45.183036],[-71.494155,45.020545],[-82.425282,41.675554],[-82.543064,45.355827],[-88.368055,48.312209],[-100.501955,48.999718],[-113.234164,48.999436],[-122.757794,48.997353],[-123.971936,46.932773],[-124.331182,40.272454],[-120.449027,34.455691],[-117.122373,32.535327],[-111.045836,31.333054],[-106.531223,31.781404],[-103.163691,28.984027],[-97.140869,25.972317]]]},"properties":{"cntry_name":"United States of America","area":7940050,"capname":"Washington","caplong":-77.0367,"caplat":38.895,"gwcode":2,"gwsdate":"31.12.1885 23:00:00","gwsyear":1886,"gwsmonth":1,"gwsday":1,"gwedate":"01.01.1959 23:00:00","gweyear":1959,"gwemonth":1,"gweday":2,"cap_geom":"SRID=4326;POINT (-77.03666687011719 38.89500045776367)"}},
{"type":"Feature","geometry":{"type":"Polygon","coordinates":[[[-141.002991,69.642363],[-156.841945,71.288318],[-166.548482,68.353182],[-166.0892,61.520127],[-156.206236,57.476236],[-147.091945,61.011936],[-137.065311,59.06496],[-140.995545,60.307209],[-141.002991,69.642363]]]},"properties":{"cntry_name":"Alaska","area":1506240,"capname":"Juneau","caplong":-134.412,"caplat":58.3043,"gwcode":3,"gwsdate":"31.12.1885 23:00:00","gwsyear":1886,"gwsmonth":1,"gwsday":1,"gwedate":"01.01.1959 23:00:00","gweyear":1959,"gwemonth":1,"gweday":2,"cap_geom":"SRID=4326;POINT (-134.41201782226562 58.30434036254883)"}},
{"type":"Feature","geometry":{"type":"Polygon","coordinates":[[[-155.005582,19.328882],[-155.211,20.001664],[-156.048982,19.735064],[-155.663145,18.925482],[-155.005582,19.328882]]]},"properties":{"cntry_name":"Hawaii","area":16685.6,"capname":"Honolulu","caplong":-157.856,"caplat":21.3075,"gwcode":4,"gwsdate":"05.07.1898 23:00:00","gwsyear":1898,"gwsmonth":7,"gwsday":6,"gwedate":"19.08.1959 23:00:00","gweyear":1959,"gwemonth":8,"gweday":20,"cap_geom":"SRID=4326;POINT (-157.85595703125 21.30746078491211)"}},
{"type":"Feature","geometry":{"type":"Polygon","coordinates":[[[-65.83667,18.055832],[-67.139977,18.511629],[-67.204735,17.953539],[-65.83667,18.055832]]]},"properties":{"cntry_name":"Puerto Rico","area":9147.38,"capname":"San Juan","caplong":-66.1057,"caplat":18.4655,"gwcode":6,"gwsdate":"09.12.1898 23:00:00","gwsyear":1898,"gwsmonth":12,"gwsday":10,"gwedate":"30.12.2019 23:00:00","gweyear":2019,"gwemonth":12,"gweday":31,"cap_geom":"SRID=4326;POINT (-66.10569763183594 18.465499877929688)"}},
{"type":"Feature","geometry":{"type":"MultiPolygon","coordinates":[[[[-78.29,71.975682],[-72.258346,67.248027],[-77.424509,65.448109],[-68.615827,62.263882],[-61.264582,66.626091],[-68.319727,70.564845],[-78.29,71.975682]]],[[[-64.540709,60.305984],[-77.508346,62.561663],[-76.538327,56.297773],[-82.285482,55.039436],[-92.418746,57.3327],[-94.820973,59.955618],[-81.330836,69.095263],[-91.578064,70.1375],[-101.671946,67.691654],[-114.297782,67.7186],[-114.984027,68.860954],[-141.002991,69.642363],[-140.995545,60.307209],[-137.065311,59.06496],[-137.03741,59.074303],[-130.014904,55.909587],[-127.789991,51.165545],[-122.757794,48.997353],[-113.234164,48.999436],[-100.501955,48.999718],[-88.368055,48.312209],[-82.543064,45.355827],[-82.425282,41.675554],[-71.494155,45.020545],[-67.206546,45.183036],[-64.904309,46.845964],[-66.469727,50.261936],[-60.005009,50.248882],[-57.102876,51.417488],[-63.751109,51.999718],[-64.814959,59.978273],[-64.540709,60.305984]]],[[[-114.004309,72.798036],[-118.183746,71.595263],[-113.260418,68.453036],[-100.978609,70.160127],[-114.004309,72.798036]]]]},"properties":{"cntry_name":"Canada","area":9553560,"capname":"Ottawa","caplong":-75.69,"caplat":45.4208,"gwcode":20,"gwsdate":"31.12.1885 23:00:00","gwsyear":1886,"gwsmonth":1,"gwsday":1,"gwedate":"20.07.1948 23:00:00","gweyear":1948,"gwemonth":7,"gweday":21,"cap_geom":"SRID=4326;POINT (-75.69000244140625 45.42082977294922)"}},
{"type":"Feature","geometry":{"type":"Polygon","coordinates":[[[-57.102876,51.417488],[-57.151391,53.735827],[-61.418473,55.962082],[-64.814959,59.978273],[-63.751109,51.999718],[-57.102876,51.417488]]]},"properties":{"cntry_name":"Newfoundland","area":398416,"capname":"St. John's","caplong":-52.681,"caplat":47.585,"gwcode":21,"gwsdate":"31.12.1885 23:00:00","gwsyear":1886,"gwsmonth":1,"gwsday":1,"gwedate":"20.07.1948 23:00:00","gweyear":1948,"gwemonth":7,"gweday":21,"cap_geom":"SRID=4326;POINT (-52.681007385253906 47.584991455078125)"}},
{"type":"Feature","geometry":{"type":"Polygon","coordinates":[[[-77.735,26.914445],[-77.527791,26.857918],[-77.349727,26.640554],[-77.154446,26.520273],[-77.232227,26.410973],[-77.220836,26.145273],[-77.398055,26.026391],[-77.188336,25.929445],[-77.1514,26.255273],[-77.040986,26.503332],[-77.275009,26.621391],[-77.504446,26.865873],[-77.735,26.914445]]]},"properties":{"cntry_name":"Bahamas","area":12048.7,"capname":"Nassau","caplong":-77.343,"caplat":25.0774,"gwcode":31,"gwsdate":"31.12.1885 23:00:00","gwsyear":1886,"gwsmonth":1,"gwsday":1,"gwedate":"08.07.1973 23:00:00","gweyear":1973,"gwemonth":7,"gweday":9,"cap_geom":"SRID=4326;POINT (-77.34300231933594 25.077350616455078)"}},
{"type":"Feature","geometry":{"type":"Polygon","coordinates":[[[-77.341751,21.637181],[-77.0082,19.876809],[-75.581945,21.011527],[-77.341751,21.637181]]]},"properties":{"cntry_name":"Cuba","area":109098,"capname":"Havana","caplong":-82.3642,"caplat":23.1319,"gwcode":40,"gwsdate":"19.05.1902 23:00:00","gwsyear":1902,"gwsmonth":5,"gwsday":20,"gwedate":"30.12.2019 23:00:00","gweyear":2019,"gwemonth":12,"gweday":31,"cap_geom":"SRID=4326;POINT (-82.36416625976562 23.131940841674805)"}},
{"type":"Feature","geometry":{"type":"Polygon","coordinates":[[[-71.749985,19.703222],[-72.736673,18.424582],[-71.759909,18.0355],[-71.749985,19.703222]]]},"properties":{"cntry_name":"Haiti","area":27136.5,"capname":"Port-au-Prince","caplong":-72.335,"caplat":18.5392,"gwcode":41,"gwsdate":"04.07.1915 23:00:00","gwsyear":1915,"gwsmonth":7,"gwsday":5,"gwedate":"13.08.1934 23:00:00","gweyear":1934,"gwemonth":8,"gweday":14,"cap_geom":"SRID=4326;POINT (-72.33499908447266 18.539199829101562)"}},
{"type":"Feature","geometry":{"type":"Polygon","coordinates":[[[-71.759909,18.0355],[-68.457086,18.350973],[-69.158163,19.287709],[-71.749985,19.703222],[-71.759909,18.0355]]]},"properties":{"cntry_name":"Dominican Republic","area":48313.9,"capname":"Santo Domingo","caplong":-69.9,"caplat":18.4667,"gwcode":42,"gwsdate":"31.12.1885 23:00:00","gwsyear":1886,"gwsmonth":1,"gwsday":1,"gwedate":"30.12.2019 23:00:00","gweyear":2019,"gwemonth":12,"gweday":31,"cap_geom":"SRID=4326;POINT (-69.9000015258789 18.4666690826416)"}},
{"type":"Feature","geometry":{"type":"Polygon","coordinates":[[[-76.6577,17.929254],[-76.896118,18.374718],[-77.857091,18.522082],[-77.727645,17.848609],[-76.6577,17.929254]]]},"properties":{"cntry_name":"Jamaica","area":11027.5,"capname":"Kingston","caplong":-76.8,"caplat":18,"gwcode":51,"gwsdate":"31.12.1885 23:00:00","gwsyear":1886,"gwsmonth":1,"gwsday":1,"gwedate":"04.08.1962 23:00:00","gweyear":1962,"gwemonth":8,"gweday":5,"cap_geom":"SRID=4326;POINT (-76.80000305175781 18)"}},
{"type":"Feature","geometry":{"type":"Polygon","coordinates":[[[-60.940631,10.768472],[-61.602782,10.742218],[-61.453755,10.294164],[-61.004446,10.149582],[-60.940631,10.768472]]]},"properties":{"cntry_name":"Trinidad and Tobago","area":4996.4,"capname":"Port-of-Spain","caplong":-61.5167,"caplat":10.65,"gwcode":52,"gwsdate":"31.12.1885 23:00:00","gwsyear":1886,"gwsmonth":1,"gwsday":1,"gwedate":"29.08.1962 23:00:00","gweyear":1962,"gwemonth":8,"gweday":30,"cap_geom":"SRID=4326;POINT (-61.51667022705078 10.649999618530273)"}},
{"type":"Feature","geometry":{"type":"Polygon","coordinates":[[[-59.538,13.057943],[-59.434518,13.168473],[-59.593482,13.330836],[-59.642782,13.146391],[-59.538,13.057943]]]},"properties":{"cntry_name":"Barbados","area":442.049,"capname":"Bridgetown","caplong":-59.6167,"caplat":13.1,"gwcode":53,"gwsdate":"31.12.1885 23:00:00","gwsyear":1886,"gwsmonth":1,"gwsday":1,"gwedate":"28.11.1966 23:00:00","gweyear":1966,"gwemonth":11,"gweday":29,"cap_geom":"SRID=4326;POINT (-59.616661071777344 13.100000381469727)"}},
{"type":"Feature","geometry":{"type":"Polygon","coordinates":[[[-61.54187,16.290249],[-61.793892,16.241943],[-61.688892,15.947777],[-61.55278,16.054443],[-61.54187,16.290249]]]},"properties":{"cntry_name":"Guadeloupe","area":1651.81,"capname":"Basse-Terre","caplong":-61.72,"caplat":15.9966,"gwcode":65,"gwsdate":"31.12.1885 23:00:00","gwsyear":1886,"gwsmonth":1,"gwsday":1,"gwedate":"30.12.2019 23:00:00","gweyear":2019,"gwemonth":12,"gweday":31,"cap_geom":"SRID=4326;POINT (-61.720001220703125 15.996600151062012)"}},
{"type":"Feature","geometry":{"type":"Polygon","coordinates":[[[-60.86084,14.402777],[-60.829727,14.57],[-61.037086,14.830555],[-61.231533,14.812499],[-61.03389,14.465832],[-60.86084,14.402777]]]},"properties":{"cntry_name":"Martinique","area":1147.9,"capname":"Fort-de-France","caplong":-61.0588,"caplat":14.6161,"gwcode":66,"gwsdate":"31.12.1885 23:00:00","gwsyear":1886,"gwsmonth":1,"gwsday":1,"gwedate":"30.12.2019 23:00:00","gweyear":2019,"gwemonth":12,"gweday":31,"cap_geom":"SRID=4326;POINT (-61.058799743652344 14.616100311279297)"}},
{"type":"Feature","geometry":{"type":"Polygon","coordinates":[[[-117.122373,32.535327],[-114.475491,27.238054],[-109.154518,26.367982],[-105.820427,22.664027],[-103.496673,18.349445],[-96.476118,15.643609],[-92.249291,14.552091],[-89.141955,17.818882],[-88.2995,18.482927],[-95.801118,18.745],[-97.877227,22.655554],[-97.140869,25.972317],[-103.163691,28.984027],[-106.531223,31.781404],[-111.045836,31.333054],[-117.122373,32.535327]]]},"properties":{"cntry_name":"Mexico","area":1956770,"capname":"Mexico City","caplong":-99.1386,"caplat":19.4342,"gwcode":70,"gwsdate":"31.12.1885 23:00:00","gwsyear":1886,"gwsmonth":1,"gwsday":1,"gwedate":"30.12.2019 23:00:00","gweyear":2019,"gwemonth":12,"gweday":31,"cap_geom":"SRID=4326;POINT (-99.13861083984375 19.43416976928711)"}},
{"type":"Feature","geometry":{"type":"Polygon","coordinates":[[[-88.2995,18.482927],[-89.141955,17.818882],[-88.910573,15.893609],[-88.2995,18.482927]]]},"properties":{"cntry_name":"Belize","area":22092.3,"capname":"Belize City","caplong":-88.1884,"caplat":17.4987,"gwcode":80,"gwsdate":"31.12.1885 23:00:00","gwsyear":1886,"gwsmonth":1,"gwsday":1,"gwedate":"01.08.1970 23:00:00","gweyear":1970,"gwemonth":8,"gweday":2,"cap_geom":"SRID=4326;POINT (-88.1883773803711 17.49871063232422)"}},
{"type":"Feature","geometry":{"type":"Polygon","coordinates":[[[-89.141955,17.818882],[-92.249291,14.552091],[-90.098615,13.747552],[-89.348309,14.431982],[-88.221131,15.726382],[-88.910573,15.893609],[-89.141955,17.818882]]]},"properties":{"cntry_name":"Guatemala","area":109031,"capname":"Guatemala City","caplong":-90.5269,"caplat":14.6211,"gwcode":90,"gwsdate":"31.12.1885 23:00:00","gwsyear":1886,"gwsmonth":1,"gwsday":1,"gwedate":"30.12.2019 23:00:00","gweyear":2019,"gwemonth":12,"gweday":31,"cap_geom":"SRID=4326;POINT (-90.52694702148438 14.621109962463379)"}},
{"type":"Feature","geometry":{"type":"Polygon","coordinates":[[[-83.157085,14.983995],[-88.221131,15.726382],[-89.348309,14.431982],[-87.815582,13.405382],[-87.305841,12.981496],[-83.157085,14.983995]]]},"properties":{"cntry_name":"Honduras","area":112227,"capname":"Tegucigalpa","caplong":-87.2167,"caplat":14.1,"gwcode":91,"gwsdate":"31.12.1885 23:00:00","gwsyear":1886,"gwsmonth":1,"gwsday":1,"gwedate":"30.12.2019 23:00:00","gweyear":2019,"gwemonth":12,"gweday":31,"cap_geom":"SRID=4326;POINT (-87.21666717529297 14.100000381469727)"}},
{"type":"Feature","geometry":{"type":"Polygon","coordinates":[[[-87.815582,13.405382],[-89.348309,14.431982],[-90.098615,13.747552],[-87.815582,13.405382]]]},"properties":{"cntry_name":"El Salvador","area":20555.9,"capname":"San Salvador","caplong":-89.2031,"caplat":13.7086,"gwcode":92,"gwsdate":"31.12.1885 23:00:00","gwsyear":1886,"gwsmonth":1,"gwsday":1,"gwedate":"30.12.2019 23:00:00","gweyear":2019,"gwemonth":12,"gweday":31,"cap_geom":"SRID=4326;POINT (-89.20305633544922 13.708609580993652)"}},
{"type":"Feature","geometry":{"type":"Polygon","coordinates":[[[-83.157085,14.983995],[-87.305841,12.981496],[-85.690943,11.075479],[-83.648674,10.92651],[-83.157085,14.983995]]]},"properties":{"cntry_name":"Nicaragua","area":128097,"capname":"Managua","caplong":-86.2683,"caplat":12.1508,"gwcode":93,"gwsdate":"31.12.1885 23:00:00","gwsyear":1886,"gwsmonth":1,"gwsday":1,"gwedate":"30.12.2019 23:00:00","gweyear":2019,"gwemonth":12,"gweday":31,"cap_geom":"SRID=4326;POINT (-86.2683334350586 12.150830268859863)"}},
{"type":"Feature","geometry":{"type":"Polygon","coordinates":[[[-82.891641,8.098818],[-82.560566,9.562637],[-83.648674,10.92651],[-85.690943,11.075479],[-82.891641,8.098818]]]},"properties":{"cntry_name":"Costa Rica","area":51054.7,"capname":"San Jose","caplong":-84.0833,"caplat":9.93333,"gwcode":94,"gwsdate":"31.12.1885 23:00:00","gwsyear":1886,"gwsmonth":1,"gwsday":1,"gwedate":"30.12.2019 23:00:00","gweyear":2019,"gwemonth":12,"gweday":31,"cap_geom":"SRID=4326;POINT (-84.08334350585938 9.933329582214355)"}},
{"type":"Feature","geometry":{"type":"Polygon","coordinates":[[[-77.368594,8.669362],[-82.560566,9.562637],[-82.891641,8.098818],[-77.889727,7.228891],[-77.368594,8.669362]]]},"properties":{"cntry_name":"Panama","area":74108.4,"capname":"Panama City","caplong":-79.5333,"caplat":8.96667,"gwcode":95,"gwsdate":"02.11.1903 23:00:00","gwsyear":1903,"gwsmonth":11,"gwsday":3,"gwedate":"30.12.2019 23:00:00","gweyear":2019,"gwemonth":12,"gweday":31,"cap_geom":"SRID=4326;POINT (-79.53333282470703 8.966670036315918)"}},
{"type":"Feature","geometry":{"type":"Polygon","coordinates":[[[-77.889727,7.228891],[-77.141109,3.665836],[-78.809718,1.437782],[-73.42038,-1.813996],[-69.950009,-4.210905],[-69.844163,1.704254],[-66.876743,1.222055],[-67.858755,4.561245],[-71.992364,7.016245],[-72.903546,10.444445],[-71.322613,11.857942],[-74.864432,11.122605],[-77.368594,8.669362],[-77.889727,7.228891]]]},"properties":{"cntry_name":"Colombia","area":1135130,"capname":"Bogota","caplong":-74.0833,"caplat":4.6,"gwcode":100,"gwsdate":"23.03.1922 23:00:00","gwsyear":1922,"gwsmonth":3,"gwsday":24,"gwedate":"30.12.2019 23:00:00","gweyear":2019,"gwemonth":12,"gweday":31,"cap_geom":"SRID=4326;POINT (-74.08334350585938 4.599999904632568)"}},
{"type":"Feature","geometry":{"type":"Polygon","coordinates":[[[-59.88063,8.396573],[-62.6975,10.747773],[-68.165146,10.498891],[-71.322613,11.857942],[-72.903546,10.444445],[-71.992364,7.016245],[-67.858755,4.561245],[-66.876743,1.222055],[-64.052709,3.908436],[-60.711965,5.206507],[-59.88063,8.396573]]]},"properties":{"cntry_name":"Venezuela","area":910834,"capname":"Caracas","caplong":-66.9167,"caplat":10.5,"gwcode":101,"gwsdate":"31.12.1885 23:00:00","gwsyear":1886,"gwsmonth":1,"gwsday":1,"gwedate":"30.12.2019 23:00:00","gweyear":2019,"gwemonth":12,"gweday":31,"cap_geom":"SRID=4326;POINT (-66.91665649414062 10.5)"}},
{"type":"Feature","geometry":{"type":"Polygon","coordinates":[[[-59.88063,8.396573],[-60.711965,5.206507],[-59.749027,1.861391],[-56.470636,1.9445],[-57.248509,5.486109],[-59.88063,8.396573]]]},"properties":{"cntry_name":"Guyana","area":210584,"capname":"Georgetown","caplong":-58.1667,"caplat":6.8,"gwcode":110,"gwsdate":"31.12.1885 23:00:00","gwsyear":1886,"gwsmonth":1,"gwsday":1,"gwedate":"24.05.1966 23:00:00","gweyear":1966,"gwemonth":5,"gweday":25,"cap_geom":"SRID=4326;POINT (-58.16667175292969 6.800000190734863)"}},
{"type":"Feature","geometry":{"type":"Polygon","coordinates":[[[-54.006527,5.721245],[-57.248509,5.486109],[-56.470636,1.9445],[-54.597694,2.330457],[-54.006527,5.721245]]]},"properties":{"cntry_name":"Surinam","area":144985,"capname":"Paramaribo","caplong":-55.1667,"caplat":5.83333,"gwcode":115,"gwsdate":"31.12.1885 23:00:00","gwsyear":1886,"gwsmonth":1,"gwsday":1,"gwedate":"13.12.1954 23:00:00","gweyear":1954,"gwemonth":12,"gweday":14,"cap_geom":"SRID=4326;POINT (-55.16667175292969 5.833330154418945)"}},
{"type":"Feature","geometry":{"type":"Polygon","coordinates":[[[-51.6787,4.035159],[-54.006527,5.721245],[-54.597694,2.330457],[-51.6787,4.035159]]]},"properties":{"cntry_name":"French Guyana","area":83710.8,"capname":"Cayenne","caplong":-52.33,"caplat":4.93299,"gwcode":120,"gwsdate":"31.12.1885 23:00:00","gwsyear":1886,"gwsmonth":1,"gwsday":1,"gwedate":"04.07.1930 23:00:00","gweyear":1930,"gwemonth":7,"gweday":5,"cap_geom":"SRID=4326;POINT (-52.330020904541016 4.932990074157715)"}},
{"type":"Feature","geometry":{"type":"Polygon","coordinates":[[[-78.809718,1.437782],[-80.340427,-3.380518],[-79.285709,-4.964582],[-73.42038,-1.813996],[-78.809718,1.437782]]]},"properties":{"cntry_name":"Ecuador","area":341770,"capname":"Quito","caplong":-78.5,"caplat":-0.21667,"gwcode":130,"gwsdate":"31.12.1885 23:00:00","gwsyear":1886,"gwsmonth":1,"gwsday":1,"gwedate":"27.01.1942 23:00:00","gweyear":1942,"gwemonth":1,"gweday":28,"cap_geom":"SRID=4326;POINT (-78.5 -0.2166700065135956)"}},
{"type":"Feature","geometry":{"type":"Polygon","coordinates":[[[-69.950009,-4.210905],[-73.42038,-1.813996],[-79.285709,-4.964582],[-80.340427,-3.380518],[-80.872855,-5.644582],[-75.051391,-15.465973],[-70.408894,-18.343132],[-69.499727,-17.505282],[-68.675709,-12.498495],[-69.567799,-10.950722],[-73.5332,-8.352364],[-72.898618,-5.172782],[-69.950009,-4.210905]]]},"properties":{"cntry_name":"Peru","area":1204360,"capname":"Lima","caplong":-77.05,"caplat":-12.05,"gwcode":135,"gwsdate":"23.03.1922 23:00:00","gwsyear":1922,"gwsmonth":3,"gwsday":24,"gwedate":"27.01.1942 23:00:00","gweyear":1942,"gwemonth":1,"gweday":28,"cap_geom":"SRID=4326;POINT (-77.05000305175781 -12.050000190734863)"}},
{"type":"Feature","geometry":{"type":"Polygon","coordinates":[[[-53.398404,-33.749036],[-48.5639,-27.864446],[-48.0541,-25.051355],[-42.150836,-22.949718],[-39.694173,-19.298891],[-39.057055,-13.493336],[-35.181118,-8.986664],[-35.414446,-5.218473],[-39.998755,-2.846527],[-44.360555,-2.341946],[-47.285564,-0.599164],[-48.970491,-1.840555],[-51.6787,4.035159],[-54.597694,2.330457],[-56.470636,1.9445],[-59.749027,1.861391],[-60.711965,5.206507],[-64.052709,3.908436],[-66.876743,1.222055],[-69.844163,1.704254],[-69.950009,-4.210905],[-72.898618,-5.172782],[-73.5332,-8.352364],[-69.567799,-10.950722],[-66.630482,-9.905764],[-60.476809,-13.803473],[-60.160282,-16.263055],[-57.521118,-18.203891],[-57.856703,-20.837516],[-54.598918,-25.573227],[-53.807782,-27.129173],[-57.579659,-30.188959],[-53.398404,-33.749036]]]},"properties":{"cntry_name":"Brazil","area":8472110,"capname":"Rio de Janeiro","caplong":-43.1964,"caplat":-22.9083,"gwcode":140,"gwsdate":"08.07.1909 23:00:00","gwsyear":1909,"gwsmonth":7,"gwsday":9,"gwedate":"19.04.1960 23:00:00","gweyear":1960,"gwemonth":4,"gweday":20,"cap_geom":"SRID=4326;POINT (-43.1963996887207 -22.908300399780273)"}},
{"type":"Feature","geometry":{"type":"Polygon","coordinates":[[[-57.856703,-20.837516],[-57.521118,-18.203891],[-60.160282,-16.263055],[-60.476809,-13.803473],[-66.630482,-9.905764],[-69.567799,-10.950722],[-68.675709,-12.498495],[-69.499727,-17.505282],[-67.183627,-22.821664],[-62.363473,-22.468473],[-57.856703,-20.837516]]]},"properties":{"cntry_name":"Bolivia","area":1191910,"capname":"La Paz","caplong":-68.15,"caplat":-16.5,"gwcode":145,"gwsdate":"08.07.1909 23:00:00","gwsyear":1909,"gwsmonth":7,"gwsday":9,"gwedate":"19.07.1938 23:00:00","gweyear":1938,"gwemonth":7,"gweday":20,"cap_geom":"SRID=4326;POINT (-68.1500015258789 -16.5)"}},
{"type":"Feature","geometry":{"type":"Polygon","coordinates":[[[-54.598918,-25.573227],[-57.856703,-20.837516],[-62.363473,-22.468473],[-57.576664,-25.549446],[-54.598918,-25.573227]]]},"properties":{"cntry_name":"Paraguay","area":293507,"capname":"Asuncion","caplong":-57.6667,"caplat":-25.2667,"gwcode":150,"gwsdate":"31.12.1885 23:00:00","gwsyear":1886,"gwsmonth":1,"gwsday":1,"gwedate":"19.07.1938 23:00:00","gweyear":1938,"gwemonth":7,"gweday":20,"cap_geom":"SRID=4326;POINT (-57.66667175292969 -25.26667022705078)"}},
{"type":"Feature","geometry":{"type":"Polygon","coordinates":[[[-68.507972,-52.319476],[-73.464736,-49.311391],[-71.6864,-46.702782],[-72.136673,-43.005764],[-69.803618,-33.278891],[-70.028973,-29.291118],[-67.183627,-22.821664],[-69.499727,-17.505282],[-70.408894,-18.343132],[-70.432782,-25.202636],[-71.406391,-32.393964],[-73.542236,-38.418336],[-72.860836,-42.760973],[-74.741391,-47.711464],[-73.666264,-52.422782],[-68.507972,-52.319476]]]},"properties":{"cntry_name":"Chile","area":743665,"capname":"Santiago","caplong":-70.6667,"caplat":-33.45,"gwcode":155,"gwsdate":"19.11.1902 23:00:00","gwsyear":1902,"gwsmonth":11,"gwsday":20,"gwedate":"30.12.2019 23:00:00","gweyear":2019,"gwemonth":12,"gweday":31,"cap_geom":"SRID=4326;POINT (-70.66665649414062 -33.45000076293945)"}},
{"type":"Feature","geometry":{"type":"Polygon","coordinates":[[[-68.507972,-52.319476],[-66.067082,-48.100418],[-67.618764,-46.177227],[-62.320836,-40.865355],[-57.577918,-38.138336],[-58.199573,-32.449463],[-57.579659,-30.188959],[-53.807782,-27.129173],[-54.598918,-25.573227],[-57.576664,-25.549446],[-62.363473,-22.468473],[-67.183627,-22.821664],[-70.028973,-29.291118],[-69.803618,-33.278891],[-72.136673,-43.005764],[-71.6864,-46.702782],[-73.464736,-49.311391],[-68.507972,-52.319476]]]},"properties":{"cntry_name":"Argentina","area":2780960,"capname":"Buenos Aires","caplong":-58.6725,"caplat":-34.5875,"gwcode":160,"gwsdate":"19.11.1902 23:00:00","gwsyear":1902,"gwsmonth":11,"gwsday":20,"gwedate":"30.12.2019 23:00:00","gweyear":2019,"gwemonth":12,"gweday":31,"cap_geom":"SRID=4326;POINT (-58.67250061035156 -34.587501525878906)"}},
{"type":"Feature","geometry":{"type":"Polygon","coordinates":[[[-53.398404,-33.749036],[-57.579659,-30.188959],[-58.199573,-32.449463],[-56.158336,-34.927227],[-53.398404,-33.749036]]]},"properties":{"cntry_name":"Uruguay","area":177857,"capname":"Montevideo","caplong":-56.1708,"caplat":-34.8581,"gwcode":165,"gwsdate":"31.12.1885 23:00:00","gwsyear":1886,"gwsmonth":1,"gwsday":1,"gwedate":"30.12.2019 23:00:00","gweyear":2019,"gwemonth":12,"gweday":31,"cap_geom":"SRID=4326;POINT (-56.17082977294922 -34.85805892944336)"}},
{"type":"Feature","geometry":{"type":"Polygon","coordinates":[[[-2.877223,56.450409],[-4.330282,53.112218],[0.332913,53.087773],[-2.877223,56.450409]]]},"properties":{"cntry_name":"United Kingdom","area":244091,"capname":"London","caplong":-0.116667,"caplat":51.5,"gwcode":200,"gwsdate":"05.12.1921 23:00:00","gwsyear":1921,"gwsmonth":12,"gwsday":6,"gwedate":"30.12.2019 23:00:00","gweyear":2019,"gwemonth":12,"gweday":31,"cap_geom":"SRID=4326;POINT (-0.1166670024394989 51.5)"}},
{"type":"Feature","geometry":{"type":"Polygon","coordinates":[[[-7.252509,55.070591],[-10.371946,51.878882],[-6.361946,52.392773],[-6.269219,54.099843],[-7.252509,55.070591]]]},"properties":{"cntry_name":"Ireland","area":69579.4,"capname":"Dublin","caplong":-6.24889,"caplat":53.3331,"gwcode":205,"gwsdate":"05.12.1921 23:00:00","gwsyear":1921,"gwsmonth":12,"gwsday":6,"gwedate":"30.12.2019 23:00:00","gweyear":2019,"gwemonth":12,"gweday":31,"cap_geom":"SRID=4326;POINT (-6.248888969421387 53.33306121826172)"}},
{"type":"Feature","geometry":{"type":"Polygon","coordinates":[[[7.207575,53.242568],[4.252363,51.375145],[6.011798,50.757271],[7.207575,53.242568]]]},"properties":{"cntry_name":"Netherlands","area":34937.8,"capname":"Amsterdam","caplong":4.91667,"caplat":52.35,"gwcode":210,"gwsdate":"31.12.1885 23:00:00","gwsyear":1886,"gwsmonth":1,"gwsday":1,"gwedate":"30.12.2019 23:00:00","gweyear":2019,"gwemonth":12,"gweday":31,"cap_geom":"SRID=4326;POINT (4.9166669845581055 52.349998474121094)"}},
{"type":"Feature","geometry":{"type":"Polygon","coordinates":[[[6.011798,50.757271],[4.252363,51.375145],[4.2389,51.350427],[3.370863,51.373854],[2.548609,51.092568],[5.800683,49.543848],[6.125963,50.127839],[6.011798,50.757271]]]},"properties":{"cntry_name":"Belgium","area":30641.2,"capname":"Brussels","caplong":4.33333,"caplat":50.8333,"gwcode":211,"gwsdate":"31.12.1885 23:00:00","gwsyear":1886,"gwsmonth":1,"gwsday":1,"gwedate":"30.12.2019 23:00:00","gweyear":2019,"gwemonth":12,"gweday":31,"cap_geom":"SRID=4326;POINT (4.3333330154418945 50.83332824707031)"}},
{"type":"Feature","geometry":{"type":"Polygon","coordinates":[[[6.125963,50.127839],[5.800683,49.543848],[6.36217,49.45939],[6.125963,50.127839]]]},"properties":{"cntry_name":"Luxembourg","area":2581.61,"capname":"Luxembourg","caplong":6.13,"caplat":49.6117,"gwcode":212,"gwsdate":"31.12.1885 23:00:00","gwsyear":1886,"gwsmonth":1,"gwsday":1,"gwedate":"30.12.2019 23:00:00","gweyear":2019,"gwemonth":12,"gweday":31,"cap_geom":"SRID=4326;POINT (6.130000114440918 49.611671447753906)"}},
{"type":"Feature","geometry":{"type":"Polygon","coordinates":[[[2.548609,51.092568],[0.070691,49.355418],[-1.780873,43.359927],[3.171658,42.435637],[7.531936,43.782045],[7.038054,45.931936],[7.587318,47.59168],[6.36217,49.45939],[5.800683,49.543848],[2.548609,51.092568]]]},"properties":{"cntry_name":"France","area":548042,"capname":"Paris","caplong":2.33333,"caplat":48.8667,"gwcode":220,"gwsdate":"27.06.1919 23:00:00","gwsyear":1919,"gwsmonth":6,"gwsday":28,"gwedate":"30.12.2019 23:00:00","gweyear":2019,"gwemonth":12,"gweday":31,"cap_geom":"SRID=4326;POINT (2.3333330154418945 48.866661071777344)"}},
{"type":"Feature","geometry":{"type":"Polygon","coordinates":[[[9.572112,47.538991],[7.587318,47.59168],[7.038054,45.931936],[10.472326,46.869815],[9.572112,47.538991]]]},"properties":{"cntry_name":"Switzerland","area":41497,"capname":"Bern","caplong":7.46667,"caplat":46.9167,"gwcode":225,"gwsdate":"31.12.1885 23:00:00","gwsyear":1886,"gwsmonth":1,"gwsday":1,"gwedate":"30.12.2019 23:00:00","gweyear":2019,"gwemonth":12,"gweday":31,"cap_geom":"SRID=4326;POINT (7.466667175292969 46.91667175292969)"}},
{"type":"Feature","geometry":{"type":"Polygon","coordinates":[[[-1.780873,43.359927],[-7.247364,43.562218],[-8.750383,41.947795],[-7.431855,37.253191],[-2.122918,36.733464],[3.171658,42.435637],[-1.780873,43.359927]]]},"properties":{"cntry_name":"Spain","area":506124,"capname":"Madrid","caplong":-3.68333,"caplat":40.4,"gwcode":230,"gwsdate":"31.12.1885 23:00:00","gwsyear":1886,"gwsmonth":1,"gwsday":1,"gwedate":"30.12.2019 23:00:00","gweyear":2019,"gwemonth":12,"gweday":31,"cap_geom":"SRID=4326;POINT (-3.683332920074463 40.400001525878906)"}},
{"type":"Feature","geometry":{"type":"Polygon","coordinates":[[[-8.750383,41.947795],[-9.476046,38.705273],[-7.431855,37.253191],[-8.750383,41.947795]]]},"properties":{"cntry_name":"Portugal","area":91871.8,"capname":"Lisbon","caplong":-9.13333,"caplat":38.7167,"gwcode":235,"gwsdate":"31.12.1885 23:00:00","gwsyear":1886,"gwsmonth":1,"gwsday":1,"gwedate":"30.12.2019 23:00:00","gweyear":2019,"gwemonth":12,"gweday":31,"cap_geom":"SRID=4326;POINT (-9.133333206176758 38.716670989990234)"}},
{"type":"Feature","geometry":{"type":"MultiPolygon","coordinates":[[[[18.037012,54.833653],[13.959163,53.774991],[9.377363,54.827658],[8.664545,54.913091],[7.207575,53.242568],[6.011798,50.757271],[6.125963,50.127839],[6.36217,49.45939],[7.587318,47.59168],[9.572112,47.538991],[13.833609,48.773607],[18.294564,49.95204],[15.892192,52.072627],[18.037012,54.833653]]],[[[22.781137,54.370386],[21.271366,55.248017],[19.350725,54.27026],[18.864287,53.922781],[22.781137,54.370386]]]]},"properties":{"cntry_name":"Germany (Prussia)","area":470833,"capname":"Berlin","caplong":13.4,"caplat":52.5167,"gwcode":255,"gwsdate":"09.02.1920 23:00:00","gwsyear":1920,"gwsmonth":2,"gwsday":10,"gwedate":"28.09.1938 23:00:00","gweyear":1938,"gwemonth":9,"gweday":29,"cap_geom":"SRID=4326;POINT (13.399999618530273 52.51667022705078)"}},
{"type":"Feature","geometry":{"type":"Polygon","coordinates":[[[18.595209,54.427773],[18.037012,54.833653],[15.892192,52.072627],[18.294564,49.95204],[24.512843,47.955409],[26.365607,48.5088],[27.596743,55.788028],[26.505938,55.682851],[22.781137,54.370386],[18.864287,53.922781],[18.595209,54.427773]]]},"properties":{"cntry_name":"Poland","area":388378,"capname":"Warsaw","caplong":21,"caplat":52.25,"gwcode":290,"gwsdate":"17.03.1921 23:00:00","gwsyear":1921,"gwsmonth":3,"gwsday":18,"gwedate":"06.05.1945 23:00:00","gweyear":1945,"gwemonth":5,"gweday":7,"cap_geom":"SRID=4326;POINT (21 52.25)"}},
{"type":"Feature","geometry":{"type":"Polygon","coordinates":[[[19.350725,54.27026],[18.595209,54.427773],[18.864287,53.922781],[19.350725,54.27026]]]},"properties":{"cntry_name":"Danzig","area":2037.8,"capname":"Danzig","caplong":18.64,"caplat":54.36,"gwcode":291,"gwsdate":"27.06.1919 23:00:00","gwsyear":1919,"gwsmonth":6,"gwsday":28,"gwedate":"30.08.1938 23:00:00","gweyear":1938,"gwemonth":8,"gweday":31,"cap_geom":"SRID=4326;POINT (18.640039443969727 54.359981536865234)"}},
{"type":"Feature","geometry":{"type":"Polygon","coordinates":[[[17.173882,48.016709],[13.833609,48.773607],[9.572112,47.538991],[10.472326,46.869815],[13.718739,46.522038],[16.1118,46.869718],[17.173882,48.016709]]]},"properties":{"cntry_name":"Austria","area":83948.7,"capname":"Vienna","caplong":16.3667,"caplat":48.2,"gwcode":305,"gwsdate":"09.09.1919 23:00:00","gwsyear":1919,"gwsmonth":9,"gwsday":10,"gwedate":"30.12.2019 23:00:00","gweyear":2019,"gwemonth":12,"gweday":31,"cap_geom":"SRID=4326;POINT (16.366670608520508 48.20000076293945)"}},
{"type":"Feature","geometry":{"type":"Polygon","coordinates":[[[22.895375,47.954253],[17.173882,48.016709],[16.1118,46.869718],[20.259657,46.116198],[22.895375,47.954253]]]},"properties":{"cntry_name":"Hungary","area":92991,"capname":"Budapest","caplong":19.0833,"caplat":47.5,"gwcode":310,"gwsdate":"03.06.1920 23:00:00","gwsyear":1920,"gwsmonth":6,"gwsday":4,"gwedate":"31.10.1938 23:00:00","gweyear":1938,"gwemonth":11,"gweday":1,"cap_geom":"SRID=4326;POINT (19.083330154418945 47.5)"}},
{"type":"Feature","geometry":{"type":"Polygon","coordinates":[[[18.294564,49.95204],[13.833609,48.773607],[17.173882,48.016709],[22.895375,47.954253],[24.512843,47.955409],[18.294564,49.95204]]]},"properties":{"cntry_name":"Czechoslovakia","area":140397,"capname":"Prague","caplong":14.4667,"caplat":50.0833,"gwcode":315,"gwsdate":"10.11.1918 23:00:00","gwsyear":1918,"gwsmonth":11,"gwsday":11,"gwedate":"28.09.1938 23:00:00","gweyear":1938,"gwemonth":9,"gweday":29,"cap_geom":"SRID=4326;POINT (14.466670036315918 50.08332824707031)"}},
{"type":"Feature","geometry":{"type":"Polygon","coordinates":[[[13.718739,46.522038],[10.472326,46.869815],[7.038054,45.931936],[7.531936,43.782045],[13.716945,45.596109],[13.718739,46.522038]]]},"properties":{"cntry_name":"Italy/Sardinia","area":300051,"capname":"Rome","caplong":12.4833,"caplat":41.9,"gwcode":325,"gwsdate":"09.09.1919 23:00:00","gwsyear":1919,"gwsmonth":9,"gwsday":10,"gwedate":"30.12.2019 23:00:00","gweyear":2019,"gwemonth":12,"gweday":31,"cap_geom":"SRID=4326;POINT (12.483329772949219 41.900001525878906)"}},
{"type":"Feature","geometry":{"type":"Polygon","coordinates":[[[14.519718,35.8],[14.566946,35.873605],[14.37,35.991382],[14.333054,35.895],[14.519718,35.8]]]},"properties":{"cntry_name":"Malta","area":291.865,"capname":"Valletta","caplong":14.5147,"caplat":35.8997,"gwcode":338,"gwsdate":"31.12.1885 23:00:00","gwsyear":1886,"gwsmonth":1,"gwsday":1,"gwedate":"19.09.1964 23:00:00","gweyear":1964,"gwemonth":9,"gweday":20,"cap_geom":"SRID=4326;POINT (14.51471996307373 35.89971923828125)"}},
{"type":"Feature","geometry":{"type":"Polygon","coordinates":[[[20.983491,40.855891],[19.367773,41.849],[20.058484,39.684288],[20.983491,40.855891]]]},"properties":{"cntry_name":"Albania","area":28656.5,"capname":"Tirane","caplong":19.8189,"caplat":41.3275,"gwcode":339,"gwsdate":"10.02.1920 23:00:00","gwsyear":1920,"gwsmonth":2,"gwsday":11,"gwedate":"30.12.2019 23:00:00","gweyear":2019,"gwemonth":12,"gweday":31,"cap_geom":"SRID=4326;POINT (19.818889617919922 41.32749938964844)"}},
{"type":"Feature","geometry":{"type":"Polygon","coordinates":[[[13.716945,45.596109],[19.367773,41.849],[20.983491,40.855891],[22.931763,41.34251],[22.685055,44.220562],[20.259657,46.116198],[16.1118,46.869718],[13.718739,46.522038],[13.716945,45.596109]]]},"properties":{"cntry_name":"Yugoslavia","area":255186,"capname":"Belgrade","caplong":20.4681,"caplat":44.8186,"gwcode":345,"gwsdate":"03.06.1920 23:00:00","gwsyear":1920,"gwsmonth":6,"gwsday":4,"gwedate":"18.11.1991 23:00:00","gweyear":1991,"gwemonth":11,"gweday":19,"cap_geom":"SRID=4326;POINT (20.468059539794922 44.81861114501953)"}},
{"type":"Feature","geometry":{"type":"Polygon","coordinates":[[[20.058484,39.684288],[26.050946,40.735169],[26.354878,41.713485],[22.931763,41.34251],[20.983491,40.855891],[20.058484,39.684288]]]},"properties":{"cntry_name":"Greece","area":129913,"capname":"Athens","caplong":23.7333,"caplat":37.9833,"gwcode":350,"gwsdate":"26.11.1919 23:00:00","gwsyear":1919,"gwsmonth":11,"gwsday":27,"gwedate":"30.12.2019 23:00:00","gweyear":2019,"gwemonth":12,"gweday":31,"cap_geom":"SRID=4326;POINT (23.73332977294922 37.98332977294922)"}},
{"type":"Feature","geometry":{"type":"Polygon","coordinates":[[[33.153054,34.7025],[33.603336,34.818473],[33.969718,35.4361],[33.002782,35.365554],[33.153054,34.7025]]]},"properties":{"cntry_name":"Cyprus","area":9128.4,"capname":"Nicosia","caplong":33.3667,"caplat":35.1667,"gwcode":352,"gwsdate":"04.11.1914 23:00:00","gwsyear":1914,"gwsmonth":11,"gwsday":5,"gwedate":"14.08.1960 23:00:00","gweyear":1960,"gwemonth":8,"gweday":15,"cap_geom":"SRID=4326;POINT (33.366661071777344 35.16667175292969)"}},
{"type":"Feature","geometry":{"type":"Polygon","coordinates":[[[28.084854,43.357073],[22.685055,44.220562],[22.931763,41.34251],[26.354878,41.713485],[28.017427,41.988191],[28.084854,43.357073]]]},"properties":{"cntry_name":"Bulgaria","area":103333,"capname":"Sofia","caplong":23.3167,"caplat":42.6833,"gwcode":355,"gwsdate":"26.11.1919 23:00:00","gwsyear":1919,"gwsmonth":11,"gwsday":27,"gwedate":"05.09.1940 23:00:00","gweyear":1940,"gwemonth":9,"gweday":6,"cap_geom":"SRID=4326;POINT (23.316669464111328 42.68333053588867)"}},
{"type":"Feature","geometry":{"type":"Polygon","coordinates":[[[28.084854,43.357073],[30.509163,46.096373],[26.365607,48.5088],[24.512843,47.955409],[22.895375,47.954253],[20.259657,46.116198],[22.685055,44.220562],[28.084854,43.357073]]]},"properties":{"cntry_name":"Rumania","area":296086,"capname":"Bukarest","caplong":26.1,"caplat":44.4333,"gwcode":360,"gwsdate":"27.10.1920 23:00:00","gwsyear":1920,"gwsmonth":10,"gwsday":28,"gwedate":"26.06.1940 23:00:00","gweyear":1940,"gwemonth":6,"gweday":27,"cap_geom":"SRID=4326;POINT (26.100000381469727 44.43333053588867)"}},
{"type":"Feature","geometry":{"type":"Polygon","coordinates":[[[30.509163,46.096373],[34.702491,46.175818],[41.531554,41.523873],[44.814709,39.638314],[48.869615,38.445608],[47.466309,43.013809],[50.750545,44.241936],[53.909109,37.350613],[59.375545,37.495964],[61.276554,35.607245],[64.780682,37.102491],[74.915736,37.237327],[75.187482,37.406582],[73.990963,40.042018],[80.213872,42.030791],[80.076663,45.0247],[87.838803,49.173108],[91.819718,50.703327],[97.348454,49.736518],[99.020191,52.065273],[103.648882,50.137354],[110.788591,49.149436],[116.715752,49.827549],[125.727482,52.981518],[127.818318,49.592627],[132.931454,45.021409],[130.604372,42.421864],[130.697418,42.292209],[135.1311,43.503427],[140.176091,48.450127],[141.435809,53.153736],[135.156436,54.861173],[142.587463,59.237773],[152.357182,59.023318],[160.676927,60.775545],[155.544127,55.3036],[156.745927,50.994436],[163.349963,56.195964],[163.6212,60.023463],[169.931354,60.069154],[177.338291,62.5761],[180,65.068909],[180,68.9801],[166.933163,69.4986],[152.610509,70.833054],[141.583309,72.767209],[129.805818,71.105545],[118.634427,73.571654],[103.203327,77.653591],[76.0611,71.878309],[68.976436,72.694282],[67.054982,68.856373],[48.001518,67.652354],[40.992218,67.716091],[31.541645,69.696963],[29.645973,65.071936],[32.319199,62.982324],[29.893463,60.093463],[28.063844,59.600921],[27.779757,57.461424],[27.596743,55.788028],[26.365607,48.5088],[30.509163,46.096373]]]},"properties":{"cntry_name":"Russia (Soviet Union)","area":21552700,"capname":"Moscow","caplong":37.6156,"caplat":55.7522,"gwcode":365,"gwsdate":"17.03.1921 23:00:00","gwsyear":1921,"gwsmonth":3,"gwsday":18,"gwedate":"10.03.1940 23:00:00","gweyear":1940,"gwemonth":3,"gweday":11,"cap_geom":"SRID=4326;POINT (37.61555099487305 55.752220153808594)"}},
{"type":"Feature","geometry":{"type":"Polygon","coordinates":[[[28.063844,59.600921],[24.316824,57.871555],[27.779757,57.461424],[28.063844,59.600921]]]},"properties":{"cntry_name":"Estonia","area":49294.5,"capname":"Tallinn","caplong":24.7281,"caplat":59.4339,"gwcode":366,"gwsdate":"10.11.1918 23:00:00","gwsyear":1918,"gwsmonth":11,"gwsday":11,"gwedate":"31.05.1940 23:00:00","gweyear":1940,"gwemonth":6,"gweday":1,"cap_geom":"SRID=4326;POINT (24.728059768676758 59.43389129638672)"}},
{"type":"Feature","geometry":{"type":"Polygon","coordinates":[[[27.779757,57.461424],[24.316824,57.871555],[21.053322,56.078035],[26.505938,55.682851],[27.596743,55.788028],[27.779757,57.461424]]]},"properties":{"cntry_name":"Latvia","area":65966,"capname":"Riga","caplong":24.1333,"caplat":56.9667,"gwcode":367,"gwsdate":"17.11.1918 23:00:00","gwsyear":1918,"gwsmonth":11,"gwsday":18,"gwedate":"31.05.1940 23:00:00","gweyear":1940,"gwemonth":6,"gweday":1,"cap_geom":"SRID=4326;POINT (24.133329391479492 56.966670989990234)"}},
{"type":"Feature","geometry":{"type":"Polygon","coordinates":[[[26.505938,55.682851],[21.053322,56.078035],[21.271366,55.248017],[22.781137,54.370386],[26.505938,55.682851]]]},"properties":{"cntry_name":"Lithuania","area":55857.7,"capname":"Kaunas","caplong":23.88,"caplat":54.9504,"gwcode":368,"gwsdate":"17.04.1922 23:00:00","gwsyear":1922,"gwsmonth":4,"gwsday":18,"gwedate":"29.09.1939 23:00:00","gweyear":1939,"gwemonth":9,"gweday":30,"cap_geom":"SRID=4326;POINT (23.880029678344727 54.950401306152344)"}},
{"type":"Feature","geometry":{"type":"Polygon","coordinates":[[[24.167009,65.814027],[21.105627,62.767354],[23.2493,59.837918],[29.893463,60.093463],[32.319199,62.982324],[29.645973,65.071936],[31.541645,69.696963],[30.854836,69.792309],[20.606804,69.06125],[24.167009,65.814027]]]},"properties":{"cntry_name":"Finland","area":388757,"capname":"Helsinki","caplong":24.9342,"caplat":60.1756,"gwcode":375,"gwsdate":"05.12.1917 23:00:00","gwsyear":1917,"gwsmonth":12,"gwsday":6,"gwedate":"10.03.1940 23:00:00","gweyear":1940,"gwemonth":3,"gweday":11,"cap_geom":"SRID=4326;POINT (24.93416976928711 60.175559997558594)"}},
{"type":"Feature","geometry":{"type":"Polygon","coordinates":[[[11.428367,58.987653],[16.003473,56.213054],[18.929718,59.924718],[17.555,62.443336],[24.167009,65.814027],[20.606804,69.06125],[11.936391,63.272218],[11.428367,58.987653]]]},"properties":{"cntry_name":"Sweden","area":445983,"capname":"Stockholm","caplong":18.0745,"caplat":59.3399,"gwcode":380,"gwsdate":"25.08.1905 23:00:00","gwsyear":1905,"gwsmonth":8,"gwsday":26,"gwedate":"30.12.2019 23:00:00","gweyear":2019,"gwemonth":12,"gweday":31,"cap_geom":"SRID=4326;POINT (18.074522018432617 59.339900970458984)"}},
{"type":"Feature","geometry":{"type":"Polygon","coordinates":[[[30.854836,69.792309],[18.173609,69.432218],[9.7175,63.630273],[4.982918,61.739991],[5.623336,58.557636],[11.428367,58.987653],[11.936391,63.272218],[20.606804,69.06125],[30.854836,69.792309]]]},"properties":{"cntry_name":"Norway","area":320641,"capname":"Oslo","caplong":10.7522,"caplat":59.9139,"gwcode":385,"gwsdate":"25.08.1905 23:00:00","gwsyear":1905,"gwsmonth":8,"gwsday":26,"gwedate":"30.12.2019 23:00:00","gweyear":2019,"gwemonth":12,"gweday":31,"cap_geom":"SRID=4326;POINT (10.75224494934082 59.91387176513672)"}},
{"type":"Feature","geometry":{"type":"Polygon","coordinates":[[[9.377363,54.827658],[10.961945,56.442218],[9.302573,56.999854],[8.141454,56.109027],[8.664545,54.913091],[9.377363,54.827658]]]},"properties":{"cntry_name":"Denmark","area":42629.6,"capname":"Copenhagen","caplong":12.567,"caplat":55.677,"gwcode":390,"gwsdate":"09.02.1920 23:00:00","gwsyear":1920,"gwsmonth":2,"gwsday":10,"gwedate":"30.12.2019 23:00:00","gweyear":2019,"gwemonth":12,"gweday":31,"cap_geom":"SRID=4326;POINT (12.56698226928711 55.67695999145508)"}},
{"type":"Feature","geometry":{"type":"Polygon","coordinates":[[[-14.332782,65.640827],[-21.285137,65.920618],[-18.71,63.391109],[-14.332782,65.640827]]]},"properties":{"cntry_name":"Iceland","area":102889,"capname":"Reykjavik","caplong":-21.95,"caplat":64.15,"gwcode":395,"gwsdate":"30.11.1918 23:00:00","gwsyear":1918,"gwsmonth":12,"gwsday":1,"gwedate":"20.04.1942 23:00:00","gweyear":1942,"gwemonth":4,"gweday":21,"cap_geom":"SRID=4326;POINT (-21.950000762939453 64.1500015258789)"}},
{"type":"Feature","geometry":{"type":"Polygon","coordinates":[[[-23.525837,14.896109],[-23.444727,15.006109],[-23.665837,15.243891],[-23.789518,15.065418],[-23.525837,14.896109]]]},"properties":{"cntry_name":"Cape Verde","area":3997.48,"capname":"Praia","caplong":-23.5167,"caplat":14.9167,"gwcode":402,"gwsdate":"31.12.1885 23:00:00","gwsyear":1886,"gwsmonth":1,"gwsday":1,"gwedate":"03.07.1975 23:00:00","gweyear":1975,"gwemonth":7,"gweday":4,"cap_geom":"SRID=4326;POINT (-23.51667022705078 14.916669845581055)"}},
{"type":"Feature","geometry":{"type":"Polygon","coordinates":[[[-16.722432,12.331995],[-15.013005,10.958368],[-13.713137,12.677218],[-16.722432,12.331995]]]},"properties":{"cntry_name":"Guinea-Bissau","area":33242,"capname":"Bolama","caplong":-15.4828,"caplat":11.5829,"gwcode":404,"gwsdate":"11.05.1886 23:00:00","gwsyear":1886,"gwsmonth":5,"gwsday":12,"gwedate":"29.06.1942 22:00:00","gweyear":1942,"gwemonth":6,"gweday":30,"cap_geom":"SRID=4326;POINT (-15.482804298400879 11.5829496383667)"}},
{"type":"Feature","geometry":{"type":"Polygon","coordinates":[[[11.341609,2.16661],[9.813907,2.346333],[9.803973,1.002609],[11.341609,2.16661]]]},"properties":{"cntry_name":"Equatorial Guinea","area":26920.9,"capname":"Malabo","caplong":8.7371,"caplat":3.75041,"gwcode":411,"gwsdate":"26.06.1900 23:00:00","gwsyear":1900,"gwsmonth":6,"gwsday":27,"gwedate":"10.10.1968 23:00:00","gweyear":1968,"gwemonth":10,"gweday":11,"cap_geom":"SRID=4326;POINT (8.737104415893555 3.7504100799560547)"}},
{"type":"Feature","geometry":{"type":"Polygon","coordinates":[[[-16.750235,13.054982],[-15.809718,13.159718],[-15.4882,13.590836],[-16.565673,13.59],[-16.750235,13.054982]]]},"properties":{"cntry_name":"Gambia","area":10722.1,"capname":"Banjul","caplong":-16.5917,"caplat":13.4539,"gwcode":420,"gwsdate":"09.08.1889 23:00:00","gwsyear":1889,"gwsmonth":8,"gwsday":10,"gwedate":"16.02.1965 23:00:00","gweyear":1965,"gwemonth":2,"gweday":17,"cap_geom":"SRID=4326;POINT (-16.59170150756836 13.453880310058594)"}},
{"type":"Feature","geometry":{"type":"Polygon","coordinates":[[[4.245282,19.146664],[-6.728265,26.16745],[-6.384019,22.704048],[-9.1806,16.791474],[-12.244592,14.759354],[-11.373055,12.407773],[-7.969333,10.162998],[-5.5202,10.433237],[-3.976109,13.476109],[0.235045,14.915064],[3.5181,15.359909],[4.245282,19.146664]]]},"properties":{"cntry_name":"Mali","area":1464420,"capname":"Bamako","caplong":-7.97491,"caplat":12.6177,"gwcode":432,"gwsdate":"28.02.1919 23:00:00","gwsyear":1919,"gwsmonth":3,"gwsday":1,"gwedate":"03.09.1932 23:00:00","gweyear":1932,"gwemonth":9,"gweday":4,"cap_geom":"SRID=4326;POINT (-7.974909782409668 12.61771011352539)"}},
{"type":"Feature","geometry":{"type":"Polygon","coordinates":[[[-12.244592,14.759354],[-16.527682,16.060245],[-16.565673,13.59],[-15.4882,13.590836],[-15.809718,13.159718],[-16.750235,13.054982],[-16.722432,12.331995],[-13.713137,12.677218],[-11.373055,12.407773],[-12.244592,14.759354]]]},"properties":{"cntry_name":"Senegal","area":195997,"capname":"Dakar","caplong":-17.4553,"caplat":14.7089,"gwcode":433,"gwsdate":"31.12.1885 23:00:00","gwsyear":1886,"gwsmonth":1,"gwsday":1,"gwedate":"02.04.1959 23:00:00","gweyear":1959,"gwemonth":4,"gweday":3,"cap_geom":"SRID=4326;POINT (-17.455280303955078 14.708889961242676)"}},
{"type":"Feature","geometry":{"type":"Polygon","coordinates":[[[3.604454,11.693273],[2.394673,11.893969],[0.917973,10.9964],[1.633117,6.227203],[2.719609,6.365509],[3.604454,11.693273]]]},"properties":{"cntry_name":"Benin","area":116189,"capname":"Porto-Novo","caplong":2.61667,"caplat":6.48333,"gwcode":434,"gwsdate":"13.06.1898 23:00:00","gwsyear":1898,"gwsmonth":6,"gwsday":14,"gwedate":"30.07.1960 23:00:00","gweyear":1960,"gwemonth":7,"gweday":31,"cap_geom":"SRID=4326;POINT (2.6166670322418213 6.483329772949219)"}},
{"type":"Feature","geometry":{"type":"Polygon","coordinates":[[[-6.728265,26.16745],[-8.666791,27.290454],[-12.009167,25.999405],[-12.999727,21.338054],[-17.053374,20.764831],[-16.527682,16.060245],[-12.244592,14.759354],[-9.1806,16.791474],[-6.384019,22.704048],[-6.728265,26.16745]]]},"properties":{"cntry_name":"Mauritania","area":826376,"capname":"Nouakchott","caplong":-16.0274,"caplat":18.1194,"gwcode":435,"gwsdate":"11.01.1920 23:00:00","gwsyear":1920,"gwsmonth":1,"gwsday":12,"gwedate":"03.07.1944 23:00:00","gweyear":1944,"gwemonth":7,"gweday":4,"cap_geom":"SRID=4326;POINT (-16.027355194091797 18.11944007873535)"}},
{"type":"Feature","geometry":{"type":"Polygon","coordinates":[[[14.997891,23.000591],[11.986473,23.522309],[4.245282,19.146664],[3.5181,15.359909],[0.235045,14.915064],[2.394673,11.893969],[3.604454,11.693273],[7.090554,12.995282],[13.629918,13.711114],[15.483818,16.896268],[14.997891,23.000591]]]},"properties":{"cntry_name":"Niger","area":1182030,"capname":"Zinder","caplong":8.98332,"caplat":13.8,"gwcode":436,"gwsdate":"31.12.1904 23:00:00","gwsyear":1905,"gwsmonth":1,"gwsday":1,"gwedate":"26.12.1926 23:00:00","gweyear":1926,"gwemonth":12,"gweday":27,"cap_geom":"SRID=4326;POINT (8.983317375183105 13.800000190734863)"}},
{"type":"Feature","geometry":{"type":"Polygon","coordinates":[[[-7.531532,4.351177],[-2.930172,5.107677],[-2.687148,9.484318],[-5.5202,10.433237],[-7.969333,10.162998],[-8.469746,7.561327],[-7.531532,4.351177]]]},"properties":{"cntry_name":"Cote D'Ivoire","area":321308,"capname":"Bingerville","caplong":-3.9,"caplat":5.35,"gwcode":437,"gwsdate":"19.03.1902 23:00:00","gwsyear":1902,"gwsmonth":3,"gwsday":20,"gwedate":"03.09.1932 23:00:00","gweyear":1932,"gwemonth":9,"gweday":4,"cap_geom":"SRID=4326;POINT (-3.9000000953674316 5.349999904632568)"}},
{"type":"Feature","geometry":{"type":"Polygon","coordinates":[[[-11.373055,12.407773],[-13.713137,12.677218],[-15.013005,10.958368],[-13.293223,9.037459],[-10.266655,8.488373],[-8.469746,7.561327],[-7.969333,10.162998],[-11.373055,12.407773]]]},"properties":{"cntry_name":"Guinea","area":245068,"capname":"Conakry","caplong":-13.6619,"caplat":9.55133,"gwcode":438,"gwsdate":"31.12.1893 23:00:00","gwsyear":1894,"gwsmonth":1,"gwsday":1,"gwedate":"30.09.1958 23:00:00","gweyear":1958,"gwemonth":10,"gweday":1,"cap_geom":"SRID=4326;POINT (-13.661916732788086 9.551329612731934)"}},
{"type":"Feature","geometry":{"type":"Polygon","coordinates":[[[0.235045,14.915064],[-3.976109,13.476109],[-5.5202,10.433237],[-2.687148,9.484318],[-0.145622,11.131249],[0.917973,10.9964],[2.394673,11.893969],[0.235045,14.915064]]]},"properties":{"cntry_name":"Burkina Faso (Upper Volta)","area":272339,"capname":"Ouagadougou","caplong":-1.52472,"caplat":12.3703,"gwcode":439,"gwsdate":"28.02.1919 23:00:00","gwsyear":1919,"gwsmonth":3,"gwsday":1,"gwedate":"03.09.1932 23:00:00","gweyear":1932,"gwemonth":9,"gweday":4,"cap_geom":"SRID=4326;POINT (-1.5247219800949097 12.370280265808105)"}},
{"type":"Feature","geometry":{"type":"Polygon","coordinates":[[[-8.469746,7.561327],[-10.266655,8.488373],[-11.464587,6.915832],[-7.531532,4.351177],[-8.469746,7.561327]]]},"properties":{"cntry_name":"Liberia","area":96000.3,"capname":"Monrovia","caplong":-10.8047,"caplat":6.31056,"gwcode":450,"gwsdate":"07.12.1892 23:00:00","gwsyear":1892,"gwsmonth":12,"gwsday":8,"gwedate":"30.12.2019 23:00:00","gweyear":2019,"gwemonth":12,"gweday":31,"cap_geom":"SRID=4326;POINT (-10.804719924926758 6.31056022644043)"}},
{"type":"Feature","geometry":{"type":"Polygon","coordinates":[[[-13.293223,9.037459],[-11.464587,6.915832],[-10.266655,8.488373],[-13.293223,9.037459]]]},"properties":{"cntry_name":"Sierra Leone","area":72479.4,"capname":"Freetown","caplong":-13.2342,"caplat":8.49,"gwcode":451,"gwsdate":"23.08.1895 23:00:00","gwsyear":1895,"gwsmonth":8,"gwsday":24,"gwedate":"25.04.1961 23:00:00","gweyear":1961,"gwemonth":4,"gweday":26,"cap_geom":"SRID=4326;POINT (-13.234169960021973 8.489999771118164)"}},
{"type":"Feature","geometry":{"type":"Polygon","coordinates":[[[-0.044358,11.101784],[-0.145622,11.131249],[-2.687148,9.484318],[-2.930172,5.107677],[1.200837,6.109159],[1.066839,6.212212],[0.091993,6.570465],[-0.044358,11.101784]]]},"properties":{"cntry_name":"Ghana","area":212417,"capname":"Accra","caplong":-0.216667,"caplat":5.55,"gwcode":452,"gwsdate":"13.06.1898 23:00:00","gwsyear":1898,"gwsmonth":6,"gwsday":14,"gwedate":"04.03.1956 23:00:00","gweyear":1956,"gwemonth":3,"gweday":5,"cap_geom":"SRID=4326;POINT (-0.2166669964790344 5.550000190734863)"}},
{"type":"Feature","geometry":{"type":"Polygon","coordinates":[[[0.917973,10.9964],[-0.145622,11.131249],[-0.044358,11.101784],[1.066839,6.212212],[1.200837,6.109159],[1.633117,6.227203],[0.917973,10.9964]]]},"properties":{"cntry_name":"Togo","area":57094.5,"capname":"Lome","caplong":1.23136,"caplat":6.1725,"gwcode":461,"gwsdate":"19.07.1922 23:00:00","gwsyear":1922,"gwsmonth":7,"gwsday":20,"gwedate":"25.04.1960 23:00:00","gweyear":1960,"gwemonth":4,"gweday":26,"cap_geom":"SRID=4326;POINT (1.231361985206604 6.172500133514404)"}},
{"type":"Feature","geometry":{"type":"Polygon","coordinates":[[[1.066839,6.212212],[-0.044358,11.101784],[0.091993,6.570465],[1.066839,6.212212]]]},"properties":{"cntry_name":"British Togoland","area":26630.1,"capname":"Ho","caplong":0.469987,"caplat":6.60041,"gwcode":462,"gwsdate":"19.07.1922 23:00:00","gwsyear":1922,"gwsmonth":7,"gwsday":20,"gwedate":"30.12.1955 23:00:00","gweyear":1955,"gwemonth":12,"gweday":31,"cap_geom":"SRID=4326;POINT (0.4699870049953461 6.600409984588623)"}},
{"type":"Feature","geometry":{"type":"Polygon","coordinates":[[[15.500226,7.527784],[14.074372,13.074802],[13.086525,9.511479],[12.8348,8.913121],[9.501246,4.095823],[9.813907,2.346333],[11.341609,2.16661],[13.29829,2.165692],[16.205476,2.217868],[14.532636,5.291245],[15.500226,7.527784]]]},"properties":{"cntry_name":"Cameroon","area":423069,"capname":"Yaounde","caplong":11.5167,"caplat":3.86667,"gwcode":471,"gwsdate":"19.07.1922 23:00:00","gwsyear":1922,"gwsmonth":7,"gwsday":20,"gwedate":"30.12.1959 23:00:00","gweyear":1959,"gwemonth":12,"gweday":31,"cap_geom":"SRID=4326;POINT (11.516670227050781 3.8666698932647705)"}},
{"type":"Feature","geometry":{"type":"Polygon","coordinates":[[[9.501246,4.095823],[12.8348,8.913121],[8.5946,4.812647],[9.501246,4.095823]]]},"properties":{"cntry_name":"British Cameroons","area":87489.2,"capname":"Buea","caplong":9.231,"caplat":4.155,"gwcode":472,"gwsdate":"19.07.1922 23:00:00","gwsyear":1922,"gwsmonth":7,"gwsday":20,"gwedate":"29.09.1961 23:00:00","gweyear":1961,"gwemonth":9,"gweday":30,"cap_geom":"SRID=4326;POINT (9.231003761291504 4.15500020980835)"}},
{"type":"Feature","geometry":{"type":"Polygon","coordinates":[[[2.719609,6.365509],[6.111736,4.272845],[8.5946,4.812647],[12.8348,8.913121],[13.086525,9.511479],[14.074372,13.074802],[13.629918,13.711114],[7.090554,12.995282],[3.604454,11.693273],[2.719609,6.365509]]]},"properties":{"cntry_name":"Nigeria","area":862504,"capname":"Abuja","caplong":7.53333,"caplat":9.08333,"gwcode":475,"gwsdate":"31.12.1913 23:00:00","gwsyear":1914,"gwsmonth":1,"gwsday":1,"gwedate":"29.09.1960 23:00:00","gweyear":1960,"gwemonth":9,"gweday":30,"cap_geom":"SRID=4326;POINT (7.533332824707031 9.083330154418945)"}},
{"type":"Feature","geometry":{"type":"Polygon","coordinates":[[[13.29829,2.165692],[11.341609,2.16661],[9.803973,1.002609],[8.786391,-0.813891],[11.141304,-3.921945],[14.110836,-2.493055],[13.29829,2.165692]]]},"properties":{"cntry_name":"Gabon","area":260681,"capname":"Libreville","caplong":9.45,"caplat":0.38333,"gwcode":481,"gwsdate":"27.06.1919 23:00:00","gwsyear":1919,"gwsmonth":6,"gwsday":28,"gwedate":"15.08.1960 23:00:00","gweyear":1960,"gwemonth":8,"gweday":16,"cap_geom":"SRID=4326;POINT (9.449999809265137 0.3833299875259399)"}},
{"type":"Feature","geometry":{"type":"Polygon","coordinates":[[[27.455163,5.021075],[22.8665,10.922445],[18.588891,8.040282],[15.500226,7.527784],[14.532636,5.291245],[16.205476,2.217868],[18.624954,3.479445],[27.455163,5.021075]]]},"properties":{"cntry_name":"Central African Republic","area":618631,"capname":"Bangui","caplong":18.5829,"caplat":4.36808,"gwcode":482,"gwsdate":"27.06.1919 23:00:00","gwsyear":1919,"gwsmonth":6,"gwsday":28,"gwedate":"11.08.1960 23:00:00","gweyear":1960,"gwemonth":8,"gweday":12,"cap_geom":"SRID=4326;POINT (18.582937240600586 4.368080139160156)"}},
{"type":"Feature","geometry":{"type":"Polygon","coordinates":[[[22.8665,10.922445],[21.942082,13.051245],[23.997563,15.702845],[24.001859,19.506614],[19.070741,22.003908],[16.000827,23.450554],[14.997891,23.000591],[15.483818,16.896268],[13.629918,13.711114],[14.074372,13.074802],[15.500226,7.527784],[18.588891,8.040282],[22.8665,10.922445]]]},"properties":{"cntry_name":"Chad","area":1271910,"capname":"N'Djamena","caplong":15.2167,"caplat":11.7167,"gwcode":483,"gwsdate":"16.03.1920 23:00:00","gwsyear":1920,"gwsmonth":3,"gwsday":17,"gwedate":"09.08.1960 23:00:00","gweyear":1960,"gwemonth":8,"gweday":10,"cap_geom":"SRID=4326;POINT (15.216670036315918 11.716670036315918)"}},
{"type":"Feature","geometry":{"type":"Polygon","coordinates":[[[18.624954,3.479445],[16.205476,2.217868],[13.29829,2.165692],[14.110836,-2.493055],[11.141304,-3.921945],[12.026127,-5.015],[13.087624,-4.631003],[14.832009,-4.819027],[17.712218,-0.544718],[18.624954,3.479445]]]},"properties":{"cntry_name":"Congo","area":344022,"capname":"Brazzaville","caplong":15.2847,"caplat":-4.25917,"gwcode":484,"gwsdate":"27.06.1919 23:00:00","gwsyear":1919,"gwsmonth":6,"gwsday":28,"gwedate":"13.08.1960 23:00:00","gweyear":1960,"gwemonth":8,"gweday":14,"cap_geom":"SRID=4326;POINT (15.284720420837402 -4.259170055389404)"}},
{"type":"Feature","geometry":{"type":"Polygon","coordinates":[[[27.455163,5.021075],[18.624954,3.479445],[17.712218,-0.544718],[14.832009,-4.819027],[13.087624,-4.631003],[12.214554,-5.768555],[13.177076,-5.858485],[16.596109,-5.921664],[17.552737,-8.081868],[21.777854,-7.281255],[23.990109,-10.869868],[28.346527,-12.440418],[28.900704,-8.479509],[30.76823,-8.193689],[29.426123,-4.450323],[29.596945,-1.385836],[30.858818,3.493391],[27.455163,5.021075]]]},"properties":{"cntry_name":"Congo, Democratic Republic of (Zaire)","area":2326640,"capname":"Kinshasa (Léopoldville)","caplong":15.315,"caplat":-4.32972,"gwcode":490,"gwsdate":"15.06.1910 23:00:00","gwsyear":1910,"gwsmonth":6,"gwsday":16,"gwedate":"28.06.1960 23:00:00","gweyear":1960,"gwemonth":6,"gweday":29,"cap_geom":"SRID=4326;POINT (15.3149995803833 -4.3297200202941895)"}},
{"type":"Feature","geometry":{"type":"Polygon","coordinates":[[[35.932871,4.621977],[30.858818,3.493391],[29.596945,-1.385836],[30.480146,-1.061815],[33.920698,-1.001539],[35.997368,4.484753],[35.932871,4.621977]]]},"properties":{"cntry_name":"Uganda","area":282510,"capname":"Kampala","caplong":32.5656,"caplat":0.31556,"gwcode":500,"gwsdate":"20.04.1914 23:00:00","gwsyear":1914,"gwsmonth":4,"gwsday":21,"gwedate":"25.09.1926 23:00:00","gweyear":1926,"gwemonth":9,"gweday":26,"cap_geom":"SRID=4326;POINT (32.56555938720703 0.3155600130558014)"}},
{"type":"Feature","geometry":{"type":"Polygon","coordinates":[[[35.997368,4.484753],[33.920698,-1.001539],[39.203027,-4.669618],[41.558154,-1.674873],[41.899817,3.973513],[35.997368,4.484753]]]},"properties":{"cntry_name":"Kenya","area":541465,"capname":"Nairobi","caplong":36.8167,"caplat":-1.28333,"gwcode":501,"gwsdate":"30.06.1924 23:00:00","gwsyear":1924,"gwsmonth":7,"gwsday":1,"gwedate":"25.09.1926 23:00:00","gweyear":1926,"gwemonth":9,"gweday":26,"cap_geom":"SRID=4326;POINT (36.81666946411133 -1.283329963684082)"}},
{"type":"Feature","geometry":{"type":"Polygon","coordinates":[[[40.442291,-10.474641],[39.203027,-4.669618],[33.920698,-1.001539],[30.480146,-1.061815],[29.426123,-4.450323],[30.76823,-8.193689],[32.940554,-9.409328],[34.9639,-11.572232],[40.442291,-10.474641]]]},"properties":{"cntry_name":"Tanzania (Tanganyika)","area":938769,"capname":"Dodoma","caplong":35.7419,"caplat":-6.173,"gwcode":510,"gwsdate":"19.07.1922 23:00:00","gwsyear":1922,"gwsmonth":7,"gwsday":20,"gwedate":"07.12.1961 23:00:00","gweyear":1961,"gwemonth":12,"gweday":8,"cap_geom":"SRID=4326;POINT (35.74190139770508 -6.172999858856201)"}},
{"type":"Feature","geometry":{"type":"Polygon","coordinates":[[[39.449645,-6.212218],[39.29385,-5.736872],[39.191873,-5.912918],[39.190554,-6.177782],[39.449645,-6.212218]]]},"properties":{"cntry_name":"Zanzibar","area":2591.2,"capname":"Zanzibar City","caplong":39.1956,"caplat":-6.16698,"gwcode":511,"gwsdate":"30.06.1895 23:00:00","gwsyear":1895,"gwsmonth":7,"gwsday":1,"gwedate":"17.12.1963 23:00:00","gweyear":1963,"gwemonth":12,"gweday":18,"cap_geom":"SRID=4326;POINT (39.19559097290039 -6.166979789733887)"}},
{"type":"Feature","geometry":{"type":"Polygon","coordinates":[[[29.426123,-4.450323],[30.480146,-1.061815],[29.596945,-1.385836],[29.426123,-4.450323]]]},"properties":{"cntry_name":"Rwanda-Urundi","area":52325.6,"capname":"Usumbura","caplong":29.36,"caplat":-3.37609,"gwcode":515,"gwsdate":"19.07.1922 23:00:00","gwsyear":1922,"gwsmonth":7,"gwsday":20,"gwedate":"29.06.1962 23:00:00","gweyear":1962,"gwemonth":6,"gweday":30,"cap_geom":"SRID=4326;POINT (29.36000633239746 -3.3760900497436523)"}},
{"type":"Feature","geometry":{"type":"Polygon","coordinates":[[[48.983265,11.245436],[43.249218,11.469536],[42.944091,11.002436],[44.010554,9.007218],[47.987609,8.002252],[48.983265,11.245436]]]},"properties":{"cntry_name":"British Somaliland (Somaliland Republic)","area":171496,"capname":"Berbera","caplong":45.0164,"caplat":10.4355,"gwcode":521,"gwsdate":"13.04.1897 23:00:00","gwsyear":1897,"gwsmonth":4,"gwsday":14,"gwedate":"29.06.1960 23:00:00","gweyear":1960,"gwemonth":6,"gweday":30,"cap_geom":"SRID=4326;POINT (45.016414642333984 10.43554973602295)"}},
{"type":"Feature","geometry":{"type":"Polygon","coordinates":[[[43.249218,11.469536],[43.121382,12.708327],[42.399718,12.469718],[42.944091,11.002436],[43.249218,11.469536]]]},"properties":{"cntry_name":"Djibouti","area":21433.1,"capname":"Djibouti","caplong":43.1506,"caplat":11.5704,"gwcode":522,"gwsdate":"23.01.1900 23:00:00","gwsyear":1900,"gwsmonth":1,"gwsday":24,"gwedate":"25.06.1977 23:00:00","gweyear":1977,"gwemonth":6,"gweday":26,"cap_geom":"SRID=4326;POINT (43.15057373046875 11.57036018371582)"}},
{"type":"Feature","geometry":{"type":"Polygon","coordinates":[[[42.399718,12.469718],[40.8027,14.153054],[36.542241,14.270054],[33.712491,7.658473],[35.932871,4.621977],[35.997368,4.484753],[41.899817,3.973513],[44.950827,4.9025],[47.987609,8.002252],[44.010554,9.007218],[42.944091,11.002436],[42.399718,12.469718]]]},"properties":{"cntry_name":"Ethiopia","area":1127560,"capname":"Addis Ababa","caplong":38.7751,"caplat":9.01393,"gwcode":530,"gwsdate":"05.12.1907 23:00:00","gwsyear":1907,"gwsmonth":12,"gwsday":6,"gwedate":"13.09.1952 23:00:00","gweyear":1952,"gwemonth":9,"gweday":14,"cap_geom":"SRID=4326;POINT (38.77513122558594 9.013930320739746)"}},
{"type":"Feature","geometry":{"type":"Polygon","coordinates":[[[43.121382,12.708327],[39.4602,15.521736],[38.604096,18.002855],[36.542241,14.270054],[40.8027,14.153054],[42.399718,12.469718],[43.121382,12.708327]]]},"properties":{"cntry_name":"Eritrea","area":120897,"capname":"Asmara","caplong":38.9333,"caplat":15.3333,"gwcode":531,"gwsdate":"23.01.1900 23:00:00","gwsyear":1900,"gwsmonth":1,"gwsday":24,"gwedate":"17.05.1941 22:00:00","gweyear":1941,"gwemonth":5,"gweday":18,"cap_geom":"SRID=4326;POINT (38.93333053588867 15.333330154418945)"}},
{"type":"Feature","geometry":{"type":"MultiPolygon","coordinates":[[[[13.177076,-5.858485],[13.853609,-11.002918],[11.7531,-17.258227],[23.476109,-17.625836],[22.001527,-13.004582],[23.990109,-10.869868],[21.777854,-7.281255],[17.552737,-8.081868],[16.596109,-5.921664],[13.177076,-5.858485]]],[[[13.087624,-4.631003],[12.026127,-5.015],[12.214554,-5.768555],[13.087624,-4.631003]]]]},"properties":{"cntry_name":"Angola","area":1247360,"capname":"Luanda","caplong":13.2344,"caplat":-8.83833,"gwcode":540,"gwsdate":"29.05.1905 23:00:00","gwsyear":1905,"gwsmonth":5,"gwsday":30,"gwedate":"09.11.1975 23:00:00","gweyear":1975,"gwemonth":11,"gweday":10,"cap_geom":"SRID=4326;POINT (13.234439849853516 -8.838330268859863)"}},
{"type":"Feature","geometry":{"type":"Polygon","coordinates":[[[32.890427,-26.847146],[35.143882,-24.57],[34.890691,-19.860418],[40.578327,-15.498891],[40.442291,-10.474641],[34.9639,-11.572232],[33.222227,-14.012564],[30.41634,-15.635786],[32.707363,-16.611736],[32.873891,-20.274027],[31.302122,-22.418615],[31.968509,-25.957836],[32.1334,-26.839627],[32.890427,-26.847146]]]},"properties":{"cntry_name":"Mozambique","area":786318,"capname":"Maputo","caplong":32.5892,"caplat":-25.9653,"gwcode":541,"gwsdate":"10.06.1891 23:00:00","gwsyear":1891,"gwsmonth":6,"gwsday":11,"gwedate":"23.06.1975 23:00:00","gweyear":1975,"gwemonth":6,"gweday":24,"cap_geom":"SRID=4326;POINT (32.589168548583984 -25.965280532836914)"}},
{"type":"Feature","geometry":{"type":"Polygon","coordinates":[[[32.940554,-9.409328],[30.76823,-8.193689],[28.900704,-8.479509],[28.346527,-12.440418],[23.990109,-10.869868],[22.001527,-13.004582],[23.476109,-17.625836],[25.259518,-17.796055],[30.41634,-15.635786],[33.222227,-14.012564],[32.940554,-9.409328]]]},"properties":{"cntry_name":"Zambia","area":751927,"capname":"Lusaka","caplong":28.2833,"caplat":-15.4167,"gwcode":551,"gwsdate":"17.08.1911 23:00:00","gwsyear":1911,"gwsmonth":8,"gwsday":18,"gwedate":"30.07.1953 23:00:00","gweyear":1953,"gwemonth":7,"gweday":31,"cap_geom":"SRID=4326;POINT (28.2833309173584 -15.416669845581055)"}},
{"type":"Feature","geometry":{"type":"Polygon","coordinates":[[[30.41634,-15.635786],[25.259518,-17.796055],[29.373618,-22.192409],[31.302122,-22.418615],[32.873891,-20.274027],[32.707363,-16.611736],[30.41634,-15.635786]]]},"properties":{"cntry_name":"Zimbabwe (Rhodesia)","area":389856,"capname":"Harare","caplong":31.0447,"caplat":-17.8178,"gwcode":552,"gwsdate":"28.01.1900 23:00:00","gwsyear":1900,"gwsmonth":1,"gwsday":29,"gwedate":"30.07.1953 23:00:00","gweyear":1953,"gwemonth":7,"gweday":31,"cap_geom":"SRID=4326;POINT (31.044719696044922 -17.817779541015625)"}},
{"type":"Feature","geometry":{"type":"Polygon","coordinates":[[[34.9639,-11.572232],[32.940554,-9.409328],[33.222227,-14.012564],[34.9639,-11.572232]]]},"properties":{"cntry_name":"Malawi","area":118483,"capname":"Lilongwe","caplong":33.7833,"caplat":-13.9833,"gwcode":553,"gwsdate":"09.06.1891 23:00:00","gwsyear":1891,"gwsmonth":6,"gwsday":10,"gwedate":"30.07.1953 23:00:00","gweyear":1953,"gwemonth":7,"gweday":31,"cap_geom":"SRID=4326;POINT (33.783329010009766 -13.983329772949219)"}},
{"type":"Feature","geometry":{"type":"Polygon","coordinates":[[[31.302122,-22.418615],[29.373618,-22.192409],[24.801663,-25.832227],[20.001272,-24.765475],[19.996945,-28.415591],[16.489591,-28.578182],[19.646454,-34.773127],[27.9,-33.040555],[32.890427,-26.847146],[32.1334,-26.839627],[31.161663,-27.203055],[30.802218,-26.468391],[31.968509,-25.957836],[31.302122,-22.418615]],[[27.378918,-30.317327],[27.013973,-29.627136],[28.647773,-28.570691],[29.166527,-29.915418],[27.378918,-30.317327]]]},"properties":{"cntry_name":"South Africa","area":1220230,"capname":"Pretoria","caplong":28.2294,"caplat":-25.7069,"gwcode":560,"gwsdate":"30.05.1910 23:00:00","gwsyear":1910,"gwsmonth":5,"gwsday":31,"gwedate":"30.12.2019 23:00:00","gweyear":2019,"gwemonth":12,"gweday":31,"cap_geom":"SRID=4326;POINT (28.229440689086914 -25.706939697265625)"}},
{"type":"Feature","geometry":{"type":"Polygon","coordinates":[[[23.476109,-17.625836],[11.7531,-17.258227],[14.511391,-22.552782],[16.489591,-28.578182],[19.996945,-28.415591],[20.001272,-24.765475],[20.993291,-18.318418],[25.259518,-17.796055],[23.476109,-17.625836]]]},"properties":{"cntry_name":"Namibia","area":824758,"capname":"Windhoek","caplong":17.0836,"caplat":-22.57,"gwcode":565,"gwsdate":"16.12.1920 23:00:00","gwsyear":1920,"gwsmonth":12,"gwsday":17,"gwedate":"25.10.1966 23:00:00","gweyear":1966,"gwemonth":10,"gweday":26,"cap_geom":"SRID=4326;POINT (17.08361053466797 -22.56999969482422)"}},
{"type":"Feature","geometry":{"type":"Polygon","coordinates":[[[27.378918,-30.317327],[29.166527,-29.915418],[28.647773,-28.570691],[27.013973,-29.627136],[27.378918,-30.317327]]]},"properties":{"cntry_name":"Lesotho","area":30516.1,"capname":"Maseru","caplong":27.4833,"caplat":-29.3167,"gwcode":570,"gwsdate":"31.12.1885 23:00:00","gwsyear":1886,"gwsmonth":1,"gwsday":1,"gwedate":"02.10.1966 23:00:00","gweyear":1966,"gwemonth":10,"gweday":3,"cap_geom":"SRID=4326;POINT (27.48332977294922 -29.316669464111328)"}},
{"type":"Feature","geometry":{"type":"Polygon","coordinates":[[[25.259518,-17.796055],[20.993291,-18.318418],[20.001272,-24.765475],[24.801663,-25.832227],[29.373618,-22.192409],[25.259518,-17.796055]]]},"properties":{"cntry_name":"Botswana","area":578322,"capname":"Gaborone","caplong":25.9119,"caplat":-24.6464,"gwcode":571,"gwsdate":"15.11.1895 23:00:00","gwsyear":1895,"gwsmonth":11,"gwsday":16,"gwedate":"28.09.1966 23:00:00","gweyear":1966,"gwemonth":9,"gweday":29,"cap_geom":"SRID=4326;POINT (25.911949157714844 -24.646390914916992)"}},
{"type":"Feature","geometry":{"type":"Polygon","coordinates":[[[31.968509,-25.957836],[30.802218,-26.468391],[31.161663,-27.203055],[32.1334,-26.839627],[31.968509,-25.957836]]]},"properties":{"cntry_name":"Swaziland (Eswatini)","area":17110.8,"capname":"Mbabane","caplong":31.1333,"caplat":-26.3167,"gwcode":572,"gwsdate":"06.08.1902 23:00:00","gwsyear":1902,"gwsmonth":8,"gwsday":7,"gwedate":"04.09.1968 23:00:00","gweyear":1968,"gwemonth":9,"gweday":5,"cap_geom":"SRID=4326;POINT (31.133329391479492 -26.316669464111328)"}},
{"type":"Feature","geometry":{"type":"Polygon","coordinates":[[[49.336903,-12.166703],[43.949859,-17.445141],[43.238882,-22.2825],[44.032218,-25.004446],[47.094445,-24.973891],[50.483891,-15.203891],[49.336903,-12.166703]]]},"properties":{"cntry_name":"Madagascar (Malagasy)","area":594566,"capname":"Antananarivo","caplong":47.5167,"caplat":-18.9167,"gwcode":580,"gwsdate":"24.07.1912 23:00:00","gwsyear":1912,"gwsmonth":7,"gwsday":25,"gwedate":"25.10.1946 23:00:00","gweyear":1946,"gwemonth":10,"gweday":26,"cap_geom":"SRID=4326;POINT (47.51667022705078 -18.916669845581055)"}},
{"type":"Feature","geometry":{"type":"Polygon","coordinates":[[[55.709999,-20.998058],[55.452496,-20.856531],[55.34333,-21.268612],[55.674164,-21.37389],[55.709999,-20.998058]]]},"properties":{"cntry_name":"Reunion","area":2642.07,"capname":"Saint-Denis","caplong":55.4551,"caplat":-20.8907,"gwcode":585,"gwsdate":"31.12.1885 23:00:00","gwsyear":1886,"gwsmonth":1,"gwsday":1,"gwedate":"30.12.2019 23:00:00","gweyear":2019,"gwemonth":12,"gweday":31,"cap_geom":"SRID=4326;POINT (55.455101013183594 -20.89069938659668)"}},
{"type":"Feature","geometry":{"type":"Polygon","coordinates":[[[57.572491,-20.514164],[57.795409,-20.2275],[57.533882,-20.020555],[57.306309,-20.456109],[57.572491,-20.514164]]]},"properties":{"cntry_name":"Mauritius","area":2133.25,"capname":"Port Louis","caplong":57.4989,"caplat":-20.1619,"gwcode":590,"gwsdate":"31.12.1885 23:00:00","gwsyear":1886,"gwsmonth":1,"gwsday":1,"gwedate":"10.03.1968 23:00:00","gweyear":1968,"gwemonth":3,"gweday":11,"cap_geom":"SRID=4326;POINT (57.4988899230957 -20.161949157714844)"}},
{"type":"Feature","geometry":{"type":"Polygon","coordinates":[[[-2.212514,35.085827],[-2.310237,35.106859],[-4.448329,34.512843],[-6.233236,35.033778],[-11.200397,28.609788],[-8.667218,28.56235],[-2.866622,32.08296],[-2.212514,35.085827]]]},"properties":{"cntry_name":"Morocco","area":350332,"capname":"Rabat","caplong":-6.83,"caplat":34.02,"gwcode":600,"gwsdate":"26.11.1912 23:00:00","gwsyear":1912,"gwsmonth":11,"gwsday":27,"gwedate":"29.02.1956 23:00:00","gweyear":1956,"gwemonth":3,"gweday":1,"cap_geom":"SRID=4326;POINT (-6.829999923706055 34.02000045776367)"}},
{"type":"Feature","geometry":{"type":"MultiPolygon","coordinates":[[[[-8.667218,28.56235],[-11.200397,28.609788],[-13.170879,27.674486],[-8.666664,27.666663],[-8.667218,28.56235]]],[[[-2.310237,35.106859],[-6.233236,35.033778],[-4.448329,34.512843],[-2.310237,35.106859]]]]},"properties":{"cntry_name":"Spanish Morocco","area":52796.1,"capname":"Tetuan","caplong":-5.36667,"caplat":35.5667,"gwcode":602,"gwsdate":"26.11.1912 23:00:00","gwsyear":1912,"gwsmonth":11,"gwsday":27,"gwedate":"05.04.1956 23:00:00","gweyear":1956,"gwemonth":4,"gweday":6,"cap_geom":"SRID=4326;POINT (-5.366666793823242 35.56666946411133)"}},
{"type":"Feature","geometry":{"type":"Polygon","coordinates":[[[-13.170879,27.674486],[-17.053374,20.764831],[-12.999727,21.338054],[-12.009167,25.999405],[-8.666791,27.290454],[-8.666664,27.666663],[-13.170879,27.674486]]]},"properties":{"cntry_name":"Spanish West Africa","area":269072,"capname":"Villa Cisneros","caplong":-15.9368,"caplat":23.7141,"gwcode":610,"gwsdate":"26.11.1912 23:00:00","gwsyear":1912,"gwsmonth":11,"gwsday":27,"gwedate":"08.10.1958 23:00:00","gweyear":1958,"gwemonth":10,"gweday":9,"cap_geom":"SRID=4326;POINT (-15.936811447143555 23.714059829711914)"}},
{"type":"Feature","geometry":{"type":"Polygon","coordinates":[[[9.535636,30.241364],[7.762573,33.211664],[8.622027,36.941364],[1.1825,36.512218],[-2.212514,35.085827],[-2.866622,32.08296],[-8.667218,28.56235],[-8.666664,27.666663],[-8.666791,27.290454],[-6.728265,26.16745],[4.245282,19.146664],[11.986473,23.522309],[10.054445,24.838054],[9.535636,30.241364]]]},"properties":{"cntry_name":"Algeria","area":2317490,"capname":"Algiers","caplong":3.05056,"caplat":36.7631,"gwcode":615,"gwsdate":"11.09.1919 23:00:00","gwsyear":1919,"gwsmonth":9,"gwsday":12,"gwedate":"03.07.1962 23:00:00","gweyear":1962,"gwemonth":7,"gweday":4,"cap_geom":"SRID=4326;POINT (3.050555944442749 36.7630500793457)"}},
{"type":"Feature","geometry":{"type":"Polygon","coordinates":[[[9.535636,30.241364],[11.526082,33.171136],[8.622027,36.941364],[7.762573,33.211664],[9.535636,30.241364]]]},"properties":{"cntry_name":"Tunisia","area":155358,"capname":"Tunis","caplong":10.1797,"caplat":36.8028,"gwcode":616,"gwsdate":"31.12.1885 23:00:00","gwsyear":1886,"gwsmonth":1,"gwsday":1,"gwedate":"30.12.1955 23:00:00","gweyear":1955,"gwemonth":12,"gweday":31,"cap_geom":"SRID=4326;POINT (10.179719924926758 36.80278015136719)"}},
{"type":"Feature","geometry":{"type":"Polygon","coordinates":[[[25.151038,31.640832],[21.627773,32.934718],[18.9575,30.276391],[11.526082,33.171136],[9.535636,30.241364],[10.054445,24.838054],[11.986473,23.522309],[14.997891,23.000591],[16.000827,23.450554],[18.398694,24.726459],[20.563338,29.531131],[22.704063,28.406951],[25.151038,31.640832]]]},"properties":{"cntry_name":"Libya","area":1006130,"capname":"Tripoli","caplong":13.18,"caplat":32.8925,"gwcode":620,"gwsdate":"11.09.1919 23:00:00","gwsyear":1919,"gwsmonth":9,"gwsday":12,"gwedate":"04.12.1925 23:00:00","gweyear":1925,"gwemonth":12,"gweday":5,"cap_geom":"SRID=4326;POINT (13.180000305175781 32.89250183105469)"}},
{"type":"Feature","geometry":{"type":"Polygon","coordinates":[[[36.890714,22.003972],[27.386663,21.994188],[19.070741,22.003908],[24.001859,19.506614],[23.997563,15.702845],[21.942082,13.051245],[22.8665,10.922445],[27.455163,5.021075],[30.858818,3.493391],[35.932871,4.621977],[33.712491,7.658473],[36.542241,14.270054],[38.604096,18.002855],[36.890714,22.003972]]]},"properties":{"cntry_name":"Sudan","area":2579520,"capname":"Khartoum","caplong":32.5342,"caplat":15.5881,"gwcode":625,"gwsdate":"20.04.1914 23:00:00","gwsyear":1914,"gwsmonth":4,"gwsday":21,"gwedate":"18.07.1934 23:00:00","gweyear":1934,"gwemonth":7,"gweday":19,"cap_geom":"SRID=4326;POINT (32.5341682434082 15.58806037902832)"}},
{"type":"Feature","geometry":{"type":"Polygon","coordinates":[[[44.814709,39.638314],[44.787336,37.149709],[45.500136,33.945891],[48.545554,29.963027],[51.325273,28.048336],[57.319091,25.771454],[61.611027,25.197645],[60.868442,29.864967],[61.276554,35.607245],[59.375545,37.495964],[53.909109,37.350613],[48.869615,38.445608],[44.814709,39.638314]]]},"properties":{"cntry_name":"Iran (Persia)","area":1621540,"capname":"Tehran","caplong":51.4244,"caplat":35.6719,"gwcode":630,"gwsdate":"31.12.1885 23:00:00","gwsyear":1886,"gwsmonth":1,"gwsday":1,"gwedate":"30.12.2019 23:00:00","gweyear":2019,"gwemonth":12,"gweday":31,"cap_geom":"SRID=4326;POINT (51.4244499206543 35.671939849853516)"}},
{"type":"Feature","geometry":{"type":"MultiPolygon","coordinates":[[[[41.531554,41.523873],[38.327773,40.918464],[33.3386,42.019854],[26.7043,40.378882],[27.515,36.992773],[35.922436,35.926991],[42.355609,37.106927],[44.787336,37.149709],[44.814709,39.638314],[41.531554,41.523873]]],[[[26.050946,40.735169],[28.017427,41.988191],[26.354878,41.713485],[26.050946,40.735169]]]]},"properties":{"cntry_name":"Turkey (Ottoman Empire)","area":779964,"capname":"Ankara","caplong":32.8644,"caplat":39.9272,"gwcode":640,"gwsdate":"13.10.1923 23:00:00","gwsyear":1923,"gwsmonth":10,"gwsday":14,"gwedate":"30.12.2019 23:00:00","gweyear":2019,"gwemonth":12,"gweday":31,"cap_geom":"SRID=4326;POINT (32.86444091796875 39.92721939086914)"}},
{"type":"Feature","geometry":{"type":"Polygon","coordinates":[[[44.787336,37.149709],[42.355609,37.106927],[38.802487,33.379905],[39.196745,32.154945],[44.721663,29.198327],[48.545554,29.963027],[45.500136,33.945891],[44.787336,37.149709]]]},"properties":{"cntry_name":"Iraq","area":436180,"capname":"Baghdad","caplong":44.3939,"caplat":33.3386,"gwcode":645,"gwsdate":"01.12.1922 23:00:00","gwsyear":1922,"gwsmonth":12,"gwsday":2,"gwedate":"21.09.1932 23:00:00","gweyear":1932,"gwemonth":9,"gweday":22,"cap_geom":"SRID=4326;POINT (44.393890380859375 33.3386116027832)"}},
{"type":"Feature","geometry":{"type":"Polygon","coordinates":[[[34.216758,31.323207],[29.035,30.824164],[25.151038,31.640832],[22.704063,28.406951],[20.563338,29.531131],[18.398694,24.726459],[16.000827,23.450554],[19.070741,22.003908],[27.386663,21.994188],[36.890714,22.003972],[33.932354,26.684164],[34.9038,29.486709],[34.216758,31.323207]]]},"properties":{"cntry_name":"Egypt","area":1517210,"capname":"Cairo","caplong":31.25,"caplat":30.05,"gwcode":651,"gwsdate":"27.02.1922 23:00:00","gwsyear":1922,"gwsmonth":2,"gwsday":28,"gwedate":"04.12.1925 23:00:00","gweyear":1925,"gwemonth":12,"gweday":5,"cap_geom":"SRID=4326;POINT (31.25 30.049999237060547)"}},
{"type":"Feature","geometry":{"type":"Polygon","coordinates":[[[42.355609,37.106927],[35.922436,35.926991],[35.972773,34.6475],[35.626293,33.245921],[35.643564,32.694526],[38.802487,33.379905],[42.355609,37.106927]]]},"properties":{"cntry_name":"Syria","area":187993,"capname":"Damascus","caplong":36.3,"caplat":33.5,"gwcode":652,"gwsdate":"01.12.1922 23:00:00","gwsyear":1922,"gwsmonth":12,"gwsday":2,"gwedate":"30.12.1945 23:00:00","gweyear":1945,"gwemonth":12,"gweday":31,"cap_geom":"SRID=4326;POINT (36.29999923706055 33.5)"}},
{"type":"Feature","geometry":{"type":"Polygon","coordinates":[[[35.626293,33.245921],[35.972773,34.6475],[35.103251,33.094156],[35.626293,33.245921]]]},"properties":{"cntry_name":"Lebanon","area":10209.3,"capname":"Beirut","caplong":35.5097,"caplat":33.8719,"gwcode":660,"gwsdate":"23.12.1920 23:00:00","gwsyear":1920,"gwsmonth":12,"gwsday":24,"gwedate":"20.11.1944 23:00:00","gweyear":1944,"gwemonth":11,"gweday":21,"cap_geom":"SRID=4326;POINT (35.50971984863281 33.87194061279297)"}},
{"type":"Feature","geometry":{"type":"Polygon","coordinates":[[[39.196745,32.154945],[38.802487,33.379905],[35.643564,32.694526],[34.972089,29.548034],[39.196745,32.154945]]]},"properties":{"cntry_name":"Jordan","area":89261.9,"capname":"Amman","caplong":35.9333,"caplat":31.95,"gwcode":663,"gwsdate":"28.09.1923 23:00:00","gwsyear":1923,"gwsmonth":9,"gwsday":29,"gwedate":"31.10.1925 23:00:00","gweyear":1925,"gwemonth":11,"gweday":1,"cap_geom":"SRID=4326;POINT (35.93333053588867 31.950000762939453)"}},
{"type":"Feature","geometry":{"type":"Polygon","coordinates":[[[35.626293,33.245921],[35.103251,33.094156],[34.216758,31.323207],[34.9038,29.486709],[34.972089,29.548034],[35.643564,32.694526],[35.626293,33.245921]]]},"properties":{"cntry_name":"Palestine","area":26963.7,"capname":"(East) Jerusalem","caplong":35.2066,"caplat":31.7784,"gwcode":665,"gwsdate":"28.09.1923 23:00:00","gwsyear":1923,"gwsmonth":9,"gwsday":29,"gwedate":"12.05.1948 23:00:00","gweyear":1948,"gwemonth":5,"gweday":13,"cap_geom":"SRID=4326;POINT (35.206626892089844 31.778409957885742)"}},
{"type":"Feature","geometry":{"type":"Polygon","coordinates":[[[44.08972,17.346664],[42.693883,15.700281],[44.743044,13.20248],[46.333328,16.666664],[44.08972,17.346664]]]},"properties":{"cntry_name":"Yemen (Arab Republic of Yemen)","area":136558,"capname":"Sana'a","caplong":44.1833,"caplat":15.2833,"gwcode":678,"gwsdate":"29.10.1918 23:00:00","gwsyear":1918,"gwsmonth":10,"gwsday":30,"gwedate":"12.06.1934 23:00:00","gweyear":1934,"gwemonth":6,"gweday":13,"cap_geom":"SRID=4326;POINT (44.18333053588867 15.283329963684082)"}},
{"type":"Feature","geometry":{"type":"Polygon","coordinates":[[[51.209804,24.614541],[51.611945,25.013745],[51.567218,25.907709],[50.756382,25.499582],[51.209804,24.614541]]]},"properties":{"cntry_name":"Qatar","area":11089.2,"capname":"Doha","caplong":51.5333,"caplat":25.2867,"gwcode":694,"gwsdate":"02.11.1916 23:00:00","gwsyear":1916,"gwsmonth":11,"gwsday":3,"gwedate":"01.09.1971 23:00:00","gweyear":1971,"gwemonth":9,"gweday":2,"cap_geom":"SRID=4326;POINT (51.533329010009766 25.286670684814453)"}},
{"type":"Feature","geometry":{"type":"Polygon","coordinates":[[[56.079936,26.065564],[55.199163,22.699718],[56.374677,24.971914],[56.269718,25.636018],[56.079936,26.065564]]]},"properties":{"cntry_name":"United Arab Emirates","area":70228.1,"capname":"Abu Dhabi","caplong":54.3667,"caplat":24.4667,"gwcode":696,"gwsdate":"28.07.1913 23:00:00","gwsyear":1913,"gwsmonth":7,"gwsday":29,"gwedate":"30.11.1971 23:00:00","gweyear":1971,"gwemonth":12,"gweday":1,"cap_geom":"SRID=4326;POINT (54.366661071777344 24.4666690826416)"}},
{"type":"Feature","geometry":{"type":"Polygon","coordinates":[[[56.374677,24.971914],[55.199163,22.699718],[55,20],[57.839718,19.028264],[59.809163,22.223327],[56.374677,24.971914]]]},"properties":{"cntry_name":"Oman","area":308791,"capname":"Masqat","caplong":58.5933,"caplat":23.6133,"gwcode":698,"gwsdate":"31.12.1885 23:00:00","gwsyear":1886,"gwsmonth":1,"gwsday":1,"gwedate":"21.02.1990 23:00:00","gweyear":1990,"gwemonth":2,"gweday":22,"cap_geom":"SRID=4326;POINT (58.59333038330078 23.613330841064453)"}},
{"type":"Feature","geometry":{"type":"Polygon","coordinates":[[[74.915736,37.237327],[64.780682,37.102491],[61.276554,35.607245],[60.868442,29.864967],[66.256654,29.851936],[69.328245,31.940364],[72.5786,36.825427],[74.915736,37.237327]]]},"properties":{"cntry_name":"Afghanistan","area":641908,"capname":"Kabul","caplong":69.1833,"caplat":34.5167,"gwcode":700,"gwsdate":"30.04.1919 23:00:00","gwsyear":1919,"gwsmonth":5,"gwsday":1,"gwedate":"30.12.2019 23:00:00","gweyear":2019,"gwemonth":12,"gweday":31,"cap_geom":"SRID=4326;POINT (69.1833267211914 34.51667022705078)"}},
{"type":"Feature","geometry":{"type":"Polygon","coordinates":[[[107.991406,21.543855],[109.6629,20.924164],[116.481718,22.939018],[118.984991,24.926936],[121.974354,29.589164],[119.009163,39.188045],[124.375034,40.097023],[130.604372,42.421864],[132.931454,45.021409],[127.818318,49.592627],[125.727482,52.981518],[116.715752,49.827549],[116.585536,46.295827],[109.516531,42.457944],[104.930545,41.651927],[96.390263,42.733373],[91.560882,45.077282],[87.838803,49.173108],[80.076663,45.0247],[80.213872,42.030791],[73.990963,40.042018],[75.187482,37.406582],[80.160192,35.44419],[90.727522,35.976556],[90.71713,38.813502],[94.545746,39.257378],[100.572958,37.97474],[101.507476,32.712494],[97.978042,31.084577],[97.906987,28.374398],[97.543045,24.476664],[101.148236,21.572636],[102.146868,22.390832],[105.358727,23.324164],[107.991406,21.543855]]]},"properties":{"cntry_name":"China","area":7496580,"capname":"Beijing","caplong":116.388,"caplat":39.9289,"gwcode":710,"gwsdate":"12.03.1921 23:00:00","gwsyear":1921,"gwsmonth":3,"gwsday":13,"gwedate":"13.08.1945 23:00:00","gweyear":1945,"gwemonth":8,"gweday":14,"cap_geom":"SRID=4326;POINT (116.38829803466797 39.928890228271484)"}},
{"type":"Feature","geometry":{"type":"Polygon","coordinates":[[[97.906987,28.374398],[97.978042,31.084577],[101.507476,32.712494],[100.572958,37.97474],[94.545746,39.257378],[90.71713,38.813502],[90.727522,35.976556],[80.160192,35.44419],[81.027642,30.208646],[88.130571,27.875548],[88.917116,27.319615],[91.657442,27.770949],[94.697354,29.336527],[97.906987,28.374398]]]},"properties":{"cntry_name":"Tibet","area":1811590,"capname":"Lhasa","caplong":91.1,"caplat":29.645,"gwcode":711,"gwsdate":"02.07.1914 23:00:00","gwsyear":1914,"gwsmonth":7,"gwsday":3,"gwedate":"30.09.1950 23:00:00","gweyear":1950,"gwemonth":10,"gweday":1,"cap_geom":"SRID=4326;POINT (91.10001373291016 29.64501953125)"}},
{"type":"Feature","geometry":{"type":"Polygon","coordinates":[[[116.715752,49.827549],[110.788591,49.149436],[103.648882,50.137354],[99.020191,52.065273],[97.348454,49.736518],[91.819718,50.703327],[87.838803,49.173108],[91.560882,45.077282],[96.390263,42.733373],[104.930545,41.651927],[109.516531,42.457944],[116.585536,46.295827],[116.715752,49.827549]]]},"properties":{"cntry_name":"Mongolia","area":1562920,"capname":"Ulan Bator","caplong":106.917,"caplat":47.9167,"gwcode":712,"gwsdate":"12.03.1921 23:00:00","gwsyear":1921,"gwsmonth":3,"gwsday":13,"gwedate":"30.12.2019 23:00:00","gweyear":2019,"gwemonth":12,"gweday":31,"cap_geom":"SRID=4326;POINT (106.91670227050781 47.91667175292969)"}},
{"type":"Feature","geometry":{"type":"Polygon","coordinates":[[[120.124518,23.511459],[120.878591,22.341382],[121.828327,24.866936],[121.005413,25.005278],[120.124518,23.511459]]]},"properties":{"cntry_name":"Taiwan","area":35989.5,"capname":"Taipei","caplong":121.525,"caplat":25.0392,"gwcode":713,"gwsdate":"16.04.1895 23:00:00","gwsyear":1895,"gwsmonth":4,"gwsday":17,"gwedate":"13.08.1945 23:00:00","gweyear":1945,"gwemonth":8,"gweday":14,"cap_geom":"SRID=4326;POINT (121.5250015258789 25.039169311523438)"}},
{"type":"Feature","geometry":{"type":"Polygon","coordinates":[[[124.375034,40.097023],[127.503118,39.712836],[130.697418,42.292209],[130.604372,42.421864],[124.375034,40.097023]]]},"properties":{"cntry_name":"Korea","area":219399,"capname":"Seoul","caplong":127,"caplat":37.5664,"gwcode":730,"gwsdate":"22.08.1910 23:00:00","gwsyear":1910,"gwsmonth":8,"gwsday":23,"gwedate":"13.08.1945 23:00:00","gweyear":1945,"gwemonth":8,"gweday":14,"cap_geom":"SRID=4326;POINT (126.99970245361328 37.56639099121094)"}},
{"type":"Feature","geometry":{"type":"Polygon","coordinates":[[[141.335509,41.341936],[139.426227,38.154573],[134.651091,34.777491],[140.837191,35.743327],[142.067059,39.551105],[141.335509,41.341936]]]},"properties":{"cntry_name":"Japan","area":370951,"capname":"Tokyo","caplong":139.751,"caplat":35.685,"gwcode":740,"gwsdate":"31.12.1885 23:00:00","gwsyear":1886,"gwsmonth":1,"gwsday":1,"gwedate":"30.12.2019 23:00:00","gweyear":2019,"gwemonth":12,"gweday":31,"cap_geom":"SRID=4326;POINT (139.75140380859375 35.685001373291016)"}},
{"type":"Feature","geometry":{"type":"Polygon","coordinates":[[[61.611027,25.197645],[66.277927,25.441964],[70.522763,20.813891],[72.666091,19.918609],[73.447482,16.058609],[77.5361,8.071945],[79.858109,10.285827],[80.262772,15.675691],[87.067482,21.478882],[90.202482,21.802982],[97.150272,17.123882],[98.742754,10.348609],[97.792345,19.398882],[100.088254,20.348621],[101.148236,21.572636],[97.543045,24.476664],[97.906987,28.374398],[94.697354,29.336527],[91.657442,27.770949],[89.769854,26.703609],[88.917116,27.319615],[88.130571,27.875548],[82.766518,27.503473],[81.027642,30.208646],[80.160192,35.44419],[75.187482,37.406582],[74.915736,37.237327],[72.5786,36.825427],[69.328245,31.940364],[66.256654,29.851936],[60.868442,29.864967],[61.611027,25.197645]]]},"properties":{"cntry_name":"India","area":4894460,"capname":"Calcutta","caplong":88.3247,"caplat":22.495,"gwcode":750,"gwsdate":"02.07.1914 23:00:00","gwsyear":1914,"gwsmonth":7,"gwsday":3,"gwedate":"11.02.1931 23:00:00","gweyear":1931,"gwemonth":2,"gweday":12,"cap_geom":"SRID=4326;POINT (88.32467651367188 22.494970321655273)"}},
{"type":"Feature","geometry":{"type":"Polygon","coordinates":[[[91.657442,27.770949],[88.917116,27.319615],[89.769854,26.703609],[91.657442,27.770949]]]},"properties":{"cntry_name":"Bhutan","area":39840.2,"capname":"Thimphu","caplong":89.6,"caplat":27.4833,"gwcode":760,"gwsdate":"31.12.1885 23:00:00","gwsyear":1886,"gwsmonth":1,"gwsday":1,"gwedate":"13.08.1947 23:00:00","gweyear":1947,"gwemonth":8,"gweday":14,"cap_geom":"SRID=4326;POINT (89.5999984741211 27.48332977294922)"}},
{"type":"Feature","geometry":{"type":"Polygon","coordinates":[[[80.140545,9.792218],[79.859145,6.797364],[81.6611,6.44],[81.360814,8.486664],[80.140545,9.792218]]]},"properties":{"cntry_name":"Sri Lanka (Ceylon)","area":65983.3,"capname":"Colombo","caplong":79.8478,"caplat":6.93194,"gwcode":780,"gwsdate":"31.12.1885 23:00:00","gwsyear":1886,"gwsmonth":1,"gwsday":1,"gwedate":"02.02.1948 23:00:00","gweyear":1948,"gwemonth":2,"gweday":3,"cap_geom":"SRID=4326;POINT (79.8477783203125 6.931940078735352)"}},
{"type":"Feature","geometry":{"type":"Polygon","coordinates":[[[73.163318,6.774445],[73.131263,6.731073],[73.143872,6.733891],[73.163318,6.774445]]]},"properties":{"cntry_name":"Maldives","area":33.622,"capname":"Male","caplong":73.5,"caplat":4.16667,"gwcode":781,"gwsdate":"15.12.1887 23:00:00","gwsyear":1887,"gwsmonth":12,"gwsday":16,"gwedate":"24.05.1965 23:00:00","gweyear":1965,"gwemonth":5,"gweday":25,"cap_geom":"SRID=4326;POINT (73.5 4.1666669845581055)"}},
{"type":"Feature","geometry":{"type":"Polygon","coordinates":[[[88.130571,27.875548],[81.027642,30.208646],[82.766518,27.503473],[88.130571,27.875548]]]},"properties":{"cntry_name":"Nepal","area":147167,"capname":"Kathmandu","caplong":85.3167,"caplat":27.7167,"gwcode":790,"gwsdate":"31.12.1885 23:00:00","gwsyear":1886,"gwsmonth":1,"gwsday":1,"gwedate":"30.12.2019 23:00:00","gweyear":2019,"gwemonth":12,"gweday":31,"cap_geom":"SRID=4326;POINT (85.3166732788086 27.7166690826416)"}},
{"type":"Feature","geometry":{"type":"Polygon","coordinates":[[[102.766374,12.0294],[105.218105,14.346],[105.635127,15.669164],[100.088254,20.348621],[97.792345,19.398882],[98.742754,10.348609],[100.127464,6.41959],[100.999375,5.775832],[101.697206,5.762928],[102.095227,6.236136],[99.154218,10.308818],[102.766374,12.0294]]]},"properties":{"cntry_name":"Thailand","area":512205,"capname":"Bangkok","caplong":100.517,"caplat":13.75,"gwcode":800,"gwsdate":"09.03.1909 23:00:00","gwsyear":1909,"gwsmonth":3,"gwsday":10,"gwedate":"30.12.2019 23:00:00","gweyear":2019,"gwemonth":12,"gweday":31,"cap_geom":"SRID=4326;POINT (100.5167007446289 13.75)"}},
{"type":"Feature","geometry":{"type":"Polygon","coordinates":[[[102.904781,11.780395],[104.445329,10.422737],[107.549926,12.359368],[107.549475,14.705697],[105.218105,14.346],[102.766374,12.0294],[102.904781,11.780395]]]},"properties":{"cntry_name":"Cambodia (Kampuchea)","area":181751,"capname":"Phnom Penh","caplong":104.917,"caplat":11.55,"gwcode":811,"gwsdate":"22.03.1907 23:00:00","gwsyear":1907,"gwsmonth":3,"gwsday":23,"gwedate":"07.11.1953 23:00:00","gweyear":1953,"gwemonth":11,"gweday":8,"cap_geom":"SRID=4326;POINT (104.91670227050781 11.550000190734863)"}},
{"type":"Feature","geometry":{"type":"Polygon","coordinates":[[[102.146868,22.390832],[101.148236,21.572636],[100.088254,20.348621],[105.635127,15.669164],[105.218105,14.346],[107.549475,14.705697],[102.146868,22.390832]]]},"properties":{"cntry_name":"Laos","area":229905,"capname":"Vientiane","caplong":102.6,"caplat":17.9667,"gwcode":812,"gwsdate":"14.01.1896 23:00:00","gwsyear":1896,"gwsmonth":1,"gwsday":15,"gwedate":"29.04.1954 23:00:00","gweyear":1954,"gwemonth":4,"gweday":30,"cap_geom":"SRID=4326;POINT (102.5999984741211 17.9666690826416)"}},
{"type":"Feature","geometry":{"type":"Polygon","coordinates":[[[104.445329,10.422737],[109.021682,11.362254],[108.882752,15.281388],[105.610527,19.003891],[107.991406,21.543855],[105.358727,23.324164],[102.146868,22.390832],[107.549475,14.705697],[107.549926,12.359368],[104.445329,10.422737]]]},"properties":{"cntry_name":"Vietnam (Annam/Cochin China/Tonkin)","area":324217,"capname":"Hue","caplong":107.58,"caplat":16.47,"gwcode":815,"gwsdate":"02.10.1893 23:00:00","gwsyear":1893,"gwsmonth":10,"gwsday":3,"gwedate":"29.04.1954 23:00:00","gweyear":1954,"gwemonth":4,"gweday":30,"cap_geom":"SRID=4326;POINT (107.58003997802734 16.469989776611328)"}},
{"type":"Feature","geometry":{"type":"Polygon","coordinates":[[[103.450371,4.189112],[101.697206,5.762928],[100.999375,5.775832],[100.545726,5.128308],[100.404663,5.12],[101.992056,2.396207],[102.586927,2.434609],[103.645911,2.662314],[103.450371,4.189112]]]},"properties":{"cntry_name":"Federated Malay States","area":71414.8,"capname":"Kuala Lumpur","caplong":101.7,"caplat":3.16667,"gwcode":821,"gwsdate":"09.03.1909 23:00:00","gwsyear":1909,"gwsmonth":3,"gwsday":10,"gwedate":"30.03.1946 23:00:00","gweyear":1946,"gwemonth":3,"gweday":31,"cap_geom":"SRID=4326;POINT (101.69999694824219 3.166670083999634)"}},
{"type":"Feature","geometry":{"type":"MultiPolygon","coordinates":[[[[103.645911,2.662314],[102.586927,2.434609],[102.491929,2.088476],[103.645911,2.662314]]],[[[103.450371,4.189112],[102.095227,6.236136],[101.697206,5.762928],[103.450371,4.189112]]],[[[100.999375,5.775832],[100.127464,6.41959],[100.349377,5.577784],[100.545726,5.128308],[100.999375,5.775832]]]]},"properties":{"cntry_name":"Unfederated Malay States","area":57024,"capname":"Johor Bahru","caplong":103.741,"caplat":1.4927,"gwcode":822,"gwsdate":"09.03.1909 23:00:00","gwsyear":1909,"gwsmonth":3,"gwsday":10,"gwedate":"30.03.1946 23:00:00","gweyear":1946,"gwemonth":3,"gweday":31,"cap_geom":"SRID=4326;POINT (103.74140167236328 1.4926999807357788)"}},
{"type":"Feature","geometry":{"type":"Polygon","coordinates":[[[117.592054,4.169818],[115.528872,5.041945],[115.766034,4.242337],[117.592054,4.169818]]]},"properties":{"cntry_name":"Sabah (North Borneo)","area":72619.8,"capname":"Sandakan (Elopura)","caplong":118.108,"caplat":5.84296,"gwcode":823,"gwsdate":"19.06.1889 23:00:00","gwsyear":1889,"gwsmonth":6,"gwsday":20,"gwedate":"13.07.1946 23:00:00","gweyear":1946,"gwemonth":7,"gweday":14,"cap_geom":"SRID=4326;POINT (118.10797119140625 5.842959880828857)"}},
{"type":"Feature","geometry":{"type":"Polygon","coordinates":[[[115.766034,4.242337],[115.528872,5.041945],[115.145782,4.903236],[115.028864,4.81809],[115.018436,4.895791],[114.644014,4.020205],[114.159846,4.586525],[109.646708,2.067673],[114.582695,1.446318],[115.766034,4.242337]]]},"properties":{"cntry_name":"Sarawak","area":124276,"capname":"Kuching","caplong":110.33,"caplat":1.52997,"gwcode":824,"gwsdate":"19.06.1889 23:00:00","gwsyear":1889,"gwsmonth":6,"gwsday":20,"gwedate":"29.06.1946 23:00:00","gweyear":1946,"gwemonth":6,"gweday":30,"cap_geom":"SRID=4326;POINT (110.33000183105469 1.5299700498580933)"}},
{"type":"Feature","geometry":{"type":"MultiPolygon","coordinates":[[[[102.586927,2.434609],[101.992056,2.396207],[102.491929,2.088476],[102.586927,2.434609]]],[[[100.545726,5.128308],[100.349377,5.577784],[100.404663,5.12],[100.545726,5.128308]]]]},"properties":{"cntry_name":"Straits Settlements","area":3601.28,"capname":"Singapore City","caplong":103.852,"caplat":1.29027,"gwcode":827,"gwsdate":"31.12.1885 23:00:00","gwsyear":1886,"gwsmonth":1,"gwsday":1,"gwedate":"30.03.1946 23:00:00","gweyear":1946,"gwemonth":3,"gweday":31,"cap_geom":"SRID=4326;POINT (103.85195922851562 1.2902699708938599)"}},
{"type":"Feature","geometry":{"type":"Polygon","coordinates":[[[114.159846,4.586525],[114.644014,4.020205],[115.018436,4.895791],[114.159846,4.586525]]]},"properties":{"cntry_name":"Brunei","area":5728.76,"capname":"Bandar Seri Begawan","caplong":114.933,"caplat":4.88333,"gwcode":835,"gwsdate":"16.09.1888 23:00:00","gwsyear":1888,"gwsmonth":9,"gwsday":17,"gwedate":"30.12.1983 23:00:00","gweyear":1983,"gwemonth":12,"gweday":31,"cap_geom":"SRID=4326;POINT (114.93329620361328 4.88332986831665)"}},
{"type":"Feature","geometry":{"type":"Polygon","coordinates":[[[121.256654,18.566109],[120.426091,16.169118],[122.309709,16.563609],[121.256654,18.566109]]]},"properties":{"cntry_name":"Philippines","area":292049,"capname":"Manila","caplong":120.982,"caplat":14.6042,"gwcode":840,"gwsdate":"10.12.1898 23:00:00","gwsyear":1898,"gwsmonth":12,"gwsday":11,"gwedate":"02.07.1946 23:00:00","gweyear":1946,"gwemonth":7,"gweday":3,"cap_geom":"SRID=4326;POINT (120.9822006225586 14.604169845581055)"}},
{"type":"Feature","geometry":{"type":"MultiPolygon","coordinates":[[[[125.0623,-9.367773],[124.9519,-8.950127],[124.462809,-9.184409],[124.0461,-9.34],[125.0623,-9.367773]]],[[[141.004286,-2.610486],[137.85295,-1.473055],[135.491909,-3.358336],[141.008869,-9.130876],[141.0061,-5.156757],[141.004286,-2.610486]]],[[[95.738572,5.585273],[99.137368,0.263196],[104.527209,-5.829446],[106.065123,-3.26375],[102.575527,0.728054],[97.487472,5.250836],[95.738572,5.585273]]],[[[109.646708,2.067673],[110.283245,-3.013609],[115.742068,-3.714863],[117.444782,-0.523973],[117.592054,4.169818],[115.766034,4.242337],[114.582695,1.446318],[109.646708,2.067673]]]]},"properties":{"cntry_name":"Indonesia","area":1877240,"capname":"Jakarta","caplong":106.829,"caplat":-6.17444,"gwcode":850,"gwsdate":"19.06.1889 23:00:00","gwsyear":1889,"gwsmonth":6,"gwsday":20,"gwedate":"15.08.1945 23:00:00","gweyear":1945,"gwemonth":8,"gweday":16,"cap_geom":"SRID=4326;POINT (106.82939910888672 -6.174439907073975)"}},
{"type":"Feature","geometry":{"type":"Polygon","coordinates":[[[125.0623,-9.367773],[126.468104,-8.953054],[126.563027,-8.486391],[125.1411,-8.637504],[124.9519,-8.950127],[125.0623,-9.367773]]]},"properties":{"cntry_name":"East Timor","area":15024.1,"capname":"Dili","caplong":125.574,"caplat":-8.55861,"gwcode":860,"gwsdate":"31.12.1885 23:00:00","gwsyear":1886,"gwsmonth":1,"gwsday":1,"gwedate":"15.07.1976 23:00:00","gweyear":1976,"gwemonth":7,"gweday":16,"cap_geom":"SRID=4326;POINT (125.57360076904297 -8.558609962463379)"}},
{"type":"Feature","geometry":{"type":"Polygon","coordinates":[[[139.655849,-36.212063],[143.542954,-38.859236],[149.977116,-37.509277],[153.591491,-28.273891],[151.944427,-24.235555],[148.768891,-20.232464],[146.268172,-18.853609],[145.3158,-14.945555],[141.468845,-13.828055],[140.8333,-17.451946],[135.434009,-14.902364],[136.6019,-12.183055],[132.6497,-11.490282],[129.358509,-14.413682],[125.579991,-14.308891],[120.878591,-19.665273],[116.707491,-20.649164],[113.656372,-22.604718],[113.643454,-26.654309],[118.081672,-34.993891],[125.972272,-32.266736],[131.115172,-31.4775],[137.142063,-33.713755],[139.655849,-36.212063]]]},"properties":{"cntry_name":"Australia","area":7686690,"capname":"Melbourne","caplong":144.975,"caplat":-37.82,"gwcode":900,"gwsdate":"31.12.1900 23:00:00","gwsyear":1901,"gwsmonth":1,"gwsday":1,"gwedate":"07.05.1927 23:00:00","gweyear":1927,"gwemonth":5,"gweday":8,"cap_geom":"SRID=4326;POINT (144.9750213623047 -37.820030212402344)"}},
{"type":"Feature","geometry":{"type":"Polygon","coordinates":[[[147.98616,-8.05322],[141.0061,-5.156757],[141.008869,-9.130876],[144.592873,-7.658195],[147.98616,-8.05322]]]},"properties":{"cntry_name":"Papua","area":223928,"capname":"Port Moresby","caplong":147.193,"caplat":-9.46471,"gwcode":911,"gwsdate":"16.12.1920 23:00:00","gwsyear":1920,"gwsmonth":12,"gwsday":17,"gwedate":"29.06.1949 23:00:00","gweyear":1949,"gwemonth":6,"gweday":30,"cap_geom":"SRID=4326;POINT (147.1925048828125 -9.464710235595703)"}},
{"type":"Feature","geometry":{"type":"Polygon","coordinates":[[[147.98616,-8.05322],[144.016938,-3.810555],[141.004286,-2.610486],[141.0061,-5.156757],[147.98616,-8.05322]]]},"properties":{"cntry_name":"New Guinea (German New Guinea) (Kaiser Wilhelmsland)","area":237756,"capname":"Rabaul (Simpsonhafen)","caplong":152.143,"caplat":-4.20549,"gwcode":912,"gwsdate":"27.06.1920 23:00:00","gwsyear":1920,"gwsmonth":6,"gwsday":28,"gwedate":"29.06.1949 23:00:00","gweyear":1949,"gwemonth":6,"gweday":30,"cap_geom":"SRID=4326;POINT (152.1434326171875 -4.2054901123046875)"}},
{"type":"Feature","geometry":{"type":"Polygon","coordinates":[[[172.797209,-40.516109],[168.377677,-44.0375],[169.701909,-46.558055],[174.289427,-41.742986],[172.797209,-40.516109]]]},"properties":{"cntry_name":"New Zealand","area":268491,"capname":"Wellington","caplong":174.783,"caplat":-41.3,"gwcode":920,"gwsdate":"31.08.1907 23:00:00","gwsyear":1907,"gwsmonth":9,"gwsday":1,"gwedate":"30.12.2019 23:00:00","gweyear":2019,"gwemonth":12,"gweday":31,"cap_geom":"SRID=4326;POINT (174.78329467773438 -41.29999923706055)"}},
{"type":"Feature","geometry":{"type":"Polygon","coordinates":[[[164.346227,-20.010494],[164.269806,-20.494494],[165.150467,-21.411545],[166.045684,-21.367876],[164.346227,-20.010494]]]},"properties":{"cntry_name":"New Caledonia and Dependencies","area":23883.1,"capname":"Nouméa","caplong":166.458,"caplat":-22.2758,"gwcode":930,"gwsdate":"31.12.1885 23:00:00","gwsyear":1886,"gwsmonth":1,"gwsday":1,"gwedate":"30.12.2019 23:00:00","gweyear":2019,"gwemonth":12,"gweday":31,"cap_geom":"SRID=4326;POINT (166.45799255371094 -22.275800704956055)"}},
{"type":"Feature","geometry":{"type":"Polygon","coordinates":[[[159.851209,-8.331946],[158.761654,-7.625],[159.013882,-8.087218],[159.806627,-8.524445],[159.851209,-8.331946]]]},"properties":{"cntry_name":"Solomon Islands","area":26861.3,"capname":"Tulaghi","caplong":160.148,"caplat":-9.08558,"gwcode":940,"gwsdate":"13.11.1899 23:00:00","gwsyear":1899,"gwsmonth":11,"gwsday":14,"gwedate":"30.12.1951 23:00:00","gweyear":1951,"gwemonth":12,"gweday":31,"cap_geom":"SRID=4326;POINT (160.1475830078125 -9.085579872131348)"}},
{"type":"Feature","geometry":{"type":"Polygon","coordinates":[[[178.280454,-17.387218],[177.514691,-17.506673],[177.864136,-18.263891],[178.6933,-18.025],[178.280454,-17.387218]]]},"properties":{"cntry_name":"Fiji","area":18031.3,"capname":"Suva","caplong":178.43,"caplat":-18.1341,"gwcode":950,"gwsdate":"31.12.1885 23:00:00","gwsyear":1886,"gwsmonth":1,"gwsday":1,"gwedate":"08.10.1970 23:00:00","gweyear":1970,"gwemonth":10,"gweday":9,"cap_geom":"SRID=4326;POINT (178.4302978515625 -18.13408088684082)"}},
{"type":"Feature","geometry":{"type":"Polygon","coordinates":[[[-147.192995,-15.283311],[-147.593295,-14.970349],[-147.848032,-15.108634],[-147.396784,-15.305145],[-147.192995,-15.283311]]]},"properties":{"cntry_name":"French Polynesia","area":12558.5,"capname":"Pape'ete","caplong":-149.566,"caplat":-17.5373,"gwcode":960,"gwsdate":"18.05.1903 23:00:00","gwsyear":1903,"gwsmonth":5,"gwsday":19,"gwedate":"30.12.2019 23:00:00","gweyear":2019,"gwemonth":12,"gweday":31,"cap_geom":"SRID=4326;POINT (-149.56649780273438 -17.537330627441406)"}},
{"type":"Feature","geometry":{"type":"Polygon","coordinates":[[[41.558154,-1.674873],[48.000554,4.523054],[50.838536,9.437873],[48.983265,11.245436],[47.987609,8.002252],[44.950827,4.9025],[41.899817,3.973513],[41.558154,-1.674873]]]},"properties":{"cntry_name":"Italian Somaliland","area":464748,"capname":"Mogadishu","caplong":45.3667,"caplat":2.04693,"gwcode":5200,"gwsdate":"30.06.1924 23:00:00","gwsyear":1924,"gwsmonth":7,"gwsday":1,"gwedate":"18.03.1941 23:00:00","gweyear":1941,"gwemonth":3,"gweday":19,"cap_geom":"SRID=4326;POINT (45.366676330566406 2.046933889389038)"}},
{"type":"Feature","geometry":{"type":"Polygon","coordinates":[[[142.128063,49.893021],[141.813718,46.590409],[143.174072,46.706318],[142.535245,48.005409],[144.045183,49.897224],[142.128063,49.893021]]]},"properties":{"cntry_name":"Southern Sakhalin Island","area":32106.4,"capname":"Toyohara","caplong":142.74,"caplat":46.965,"gwcode":7351,"gwsdate":"04.09.1905 23:00:00","gwsyear":1905,"gwsmonth":9,"gwsday":5,"gwedate":"13.08.1945 23:00:00","gweyear":1945,"gwemonth":8,"gweday":14,"cap_geom":"SRID=4326;POINT (142.74000549316406 46.964969635009766)"}}
]}